Poisonous or Edible,,odor,spore_print_color,population 
1,,p,k,s
0,,a,n,n
0,,l,n,n
1,,p,k,s
0,,n,n,a
0,,a,k,n
0,,a,k,n
0,,l,n,s
1,,p,k,v
0,,a,k,s
0,,l,n,n
0,,a,k,s
0,,a,n,s
1,,p,n,v
0,,n,k,a
0,,n,n,y
0,,n,n,a
1,,p,k,s
1,,p,n,s
1,,p,n,s
0,,a,n,s
1,,p,n,v
0,,l,n,s
0,,a,n,n
0,,l,k,s
1,,p,n,v
0,,a,n,n
0,,l,n,n
0,,n,k,y
0,,a,n,v
0,,l,n,n
1,,p,n,s
0,,l,n,n
0,,l,n,y
0,,l,n,s
0,,l,n,v
0,,n,k,v
1,,p,n,s
0,,a,n,v
0,,l,k,s
0,,a,n,s
0,,l,k,y
0,,n,k,y
1,,p,n,v
0,,a,k,n
0,,a,n,n
0,,l,k,s
0,,l,n,n
0,,l,n,s
0,,l,k,s
0,,a,k,s
0,,l,k,s
0,,l,n,n
1,,p,n,v
1,,p,k,v
0,,a,k,s
0,,n,n,a
0,,a,n,n
0,,l,k,n
0,,a,k,y
0,,n,n,v
0,,a,n,s
0,,l,n,s
0,,l,n,n
0,,l,n,s
0,,n,k,a
0,,l,k,s
0,,a,n,s
0,,a,k,n
0,,n,n,v
0,,l,n,v
0,,l,n,s
0,,l,n,v
0,,a,k,s
0,,a,k,s
0,,l,n,v
0,,l,u,v
0,,l,n,y
1,,p,n,v
0,,a,n,y
0,,n,n,s
1,,p,k,s
0,,n,n,y
0,,n,n,s
0,,l,k,s
0,,n,k,s
0,,a,k,s
0,,l,n,s
0,,l,k,y
0,,n,n,v
0,,n,n,y
0,,l,k,s
0,,a,k,s
0,,l,k,n
0,,n,n,a
0,,a,n,s
0,,l,n,s
0,,a,k,n
0,,a,n,s
0,,a,k,s
0,,n,k,s
0,,l,k,n
0,,l,n,s
0,,a,k,y
0,,l,n,n
0,,a,k,n
0,,a,n,y
0,,l,k,s
0,,a,n,s
0,,a,k,n
0,,l,k,n
0,,n,k,y
0,,a,u,v
0,,a,k,n
1,,p,n,v
0,,l,n,s
0,,n,n,y
0,,l,k,y
0,,l,u,v
0,,n,n,y
1,,p,k,v
0,,a,n,n
1,,p,k,v
0,,n,n,a
0,,l,n,s
0,,n,k,s
0,,a,n,n
0,,n,n,a
0,,l,k,n
0,,l,n,s
0,,l,n,s
0,,l,n,s
0,,l,u,v
0,,l,k,s
0,,a,n,v
1,,p,n,v
0,,l,n,v
0,,a,n,s
1,,p,n,v
0,,l,n,n
0,,a,k,y
0,,l,k,n
0,,n,n,v
0,,a,k,y
0,,a,k,n
0,,n,k,s
0,,n,n,a
0,,l,n,n
0,,l,k,n
0,,a,k,n
0,,a,n,s
0,,n,n,a
0,,l,n,s
0,,n,k,v
0,,a,u,v
0,,l,k,s
0,,a,n,n
0,,a,n,n
0,,a,k,s
0,,a,k,s
0,,l,k,s
0,,a,k,n
0,,n,n,y
0,,l,n,y
0,,a,n,s
0,,l,n,y
0,,a,n,s
0,,a,k,s
0,,l,k,y
0,,a,k,s
0,,n,n,y
0,,l,n,s
0,,l,u,v
0,,a,k,s
0,,l,n,s
0,,l,k,n
0,,a,k,n
0,,a,n,s
0,,l,n,n
0,,l,n,n
1,,p,n,v
0,,n,n,y
0,,n,k,v
0,,a,n,s
0,,a,k,s
1,,p,k,s
0,,l,n,s
0,,n,k,v
0,,l,n,n
0,,a,n,y
0,,n,k,s
0,,l,n,v
0,,l,n,s
0,,a,n,v
0,,a,n,n
0,,n,n,y
0,,a,k,s
0,,l,n,n
0,,l,n,s
0,,a,n,v
0,,l,n,s
0,,l,k,s
0,,a,k,n
0,,n,k,s
0,,l,k,y
1,,p,n,v
0,,a,n,n
0,,a,k,s
0,,l,n,n
0,,a,k,n
0,,a,k,s
0,,l,k,n
0,,a,n,v
0,,n,n,y
0,,a,n,s
0,,l,k,n
0,,a,k,s
0,,a,k,s
0,,l,n,s
0,,n,n,v
0,,a,n,n
1,,p,k,s
0,,a,n,s
0,,a,n,v
0,,l,k,n
0,,l,k,s
0,,a,n,n
0,,a,n,s
1,,p,k,v
0,,a,n,n
0,,n,k,y
1,,p,k,s
0,,l,n,y
0,,n,k,v
0,,l,n,n
0,,l,n,v
0,,l,k,s
0,,l,n,s
0,,l,k,s
0,,a,k,s
0,,a,k,y
0,,l,k,s
0,,a,n,n
1,,p,k,v
0,,a,u,v
0,,l,n,s
0,,l,u,v
0,,a,k,s
0,,l,k,y
0,,n,k,s
0,,a,n,y
1,,p,n,s
0,,n,n,v
0,,l,n,s
0,,l,n,s
0,,l,n,n
0,,n,n,v
0,,a,k,n
0,,l,k,n
0,,a,n,n
0,,l,n,s
1,,p,k,v
0,,a,n,n
0,,a,n,s
0,,l,u,v
0,,n,k,v
0,,n,k,a
0,,a,n,s
0,,a,n,s
1,,p,k,s
0,,l,k,n
1,,p,k,v
0,,l,n,s
0,,a,n,n
0,,a,n,s
0,,a,n,s
0,,a,n,y
0,,a,n,n
0,,n,k,s
0,,l,n,n
1,,p,n,s
0,,a,n,n
0,,n,n,v
0,,l,k,s
0,,l,k,n
0,,a,k,s
0,,a,k,s
0,,a,k,s
0,,l,n,y
0,,n,n,y
0,,n,k,y
0,,l,k,s
0,,l,k,s
0,,l,n,s
0,,a,k,s
0,,a,n,n
0,,a,k,s
0,,n,k,s
0,,a,n,v
1,,p,k,s
0,,n,k,a
0,,a,k,s
0,,l,n,v
0,,a,k,s
0,,l,k,s
0,,n,n,y
0,,l,n,s
0,,l,n,n
0,,a,k,y
0,,n,n,s
0,,l,k,s
1,,p,n,v
0,,l,k,s
0,,a,n,v
0,,a,n,n
1,,p,k,v
0,,a,n,v
0,,a,k,n
0,,l,n,v
0,,l,n,v
0,,l,n,s
0,,a,u,v
0,,a,k,s
0,,a,k,s
0,,l,n,s
0,,l,k,n
0,,a,n,s
1,,p,n,v
0,,l,k,n
0,,a,k,n
1,,p,k,v
0,,l,k,s
0,,l,n,n
0,,a,k,s
0,,l,n,n
0,,n,k,y
0,,a,k,y
0,,l,n,s
0,,n,n,v
0,,l,k,y
0,,a,n,s
0,,a,k,n
0,,a,k,s
0,,a,n,v
0,,l,n,s
0,,n,n,a
0,,l,n,v
0,,a,n,n
0,,n,k,s
0,,n,n,y
0,,n,n,a
0,,a,n,s
0,,a,n,s
0,,a,k,s
0,,l,k,s
0,,n,n,v
0,,a,n,y
1,,p,k,s
0,,a,n,y
0,,a,n,s
0,,n,n,s
0,,n,k,a
0,,n,k,a
0,,a,n,s
0,,a,k,n
0,,n,k,v
0,,a,n,s
0,,a,u,v
0,,a,n,n
0,,n,k,s
0,,a,n,s
0,,l,k,y
0,,a,k,s
0,,n,n,y
0,,a,k,s
0,,l,k,n
0,,n,k,y
0,,l,n,n
0,,l,n,n
0,,a,n,s
1,,p,k,s
0,,n,n,s
0,,a,k,s
0,,a,n,n
0,,n,n,y
1,,p,n,s
0,,l,k,y
0,,n,k,a
0,,l,k,n
0,,a,n,n
0,,a,n,s
0,,l,k,n
0,,a,n,n
0,,n,n,v
0,,a,k,s
0,,n,n,a
0,,l,n,n
0,,l,n,s
0,,n,k,v
1,,p,n,s
0,,l,n,n
0,,a,k,n
1,,p,n,v
0,,l,n,s
0,,l,n,s
0,,l,k,s
0,,l,n,n
0,,a,n,s
0,,a,k,s
0,,l,n,y
0,,a,n,s
0,,n,k,s
0,,l,n,s
0,,l,k,y
1,,p,k,v
0,,a,n,n
0,,l,u,v
1,,p,k,s
0,,l,k,n
0,,n,n,a
0,,l,k,s
0,,a,n,s
1,,p,n,s
0,,l,k,s
0,,l,n,n
0,,a,n,v
0,,a,n,y
0,,a,n,n
0,,n,k,a
0,,n,n,v
0,,a,n,s
0,,l,n,y
0,,l,n,s
0,,l,k,s
0,,l,n,v
0,,a,k,n
0,,a,u,v
0,,l,n,n
0,,l,n,n
0,,a,n,y
0,,l,k,s
0,,l,k,s
0,,a,k,y
0,,l,k,n
0,,l,k,n
0,,l,k,s
0,,l,n,n
0,,l,k,s
0,,l,k,s
0,,n,n,y
0,,l,n,s
0,,l,k,n
0,,l,k,n
0,,l,n,v
0,,l,n,n
0,,n,k,a
0,,a,n,n
0,,l,k,s
0,,a,k,y
0,,a,n,y
0,,a,n,s
0,,l,n,s
0,,a,k,s
0,,a,n,n
0,,n,k,v
0,,a,n,y
0,,a,k,n
0,,l,k,n
0,,l,k,n
0,,a,n,s
0,,l,k,n
0,,a,k,n
0,,a,u,v
0,,n,k,y
0,,l,n,v
0,,n,k,y
0,,n,n,y
0,,a,n,n
0,,a,n,v
0,,l,k,s
0,,a,k,s
0,,l,k,s
0,,l,u,v
0,,n,k,y
0,,a,n,v
0,,a,k,y
0,,l,n,s
0,,n,n,y
0,,l,k,s
0,,a,k,s
0,,a,u,v
1,,p,n,s
1,,p,n,v
0,,l,n,s
0,,a,k,s
0,,a,n,n
0,,n,n,a
0,,a,n,s
0,,a,n,s
0,,l,k,n
0,,a,n,n
0,,a,k,n
0,,l,k,n
0,,a,k,s
0,,a,n,s
1,,p,n,v
0,,n,n,s
0,,n,n,a
0,,a,n,v
0,,n,n,v
0,,n,n,y
0,,a,k,s
0,,a,u,v
0,,n,n,v
0,,n,n,v
0,,n,n,a
0,,l,k,y
0,,a,k,n
0,,l,k,s
0,,a,n,n
0,,l,k,n
0,,l,k,s
0,,a,n,y
1,,p,n,s
0,,n,k,y
0,,l,n,s
0,,a,n,s
0,,a,n,s
0,,n,k,y
0,,a,n,y
0,,a,n,y
0,,a,k,s
1,,p,k,s
0,,l,k,y
1,,p,k,s
0,,n,k,s
0,,a,k,s
0,,n,k,v
0,,l,n,s
0,,a,u,v
0,,a,k,s
0,,n,k,s
1,,p,n,s
0,,a,k,s
0,,n,k,a
0,,a,k,s
0,,l,n,s
0,,n,n,v
0,,l,u,v
0,,a,n,n
0,,n,n,y
0,,n,n,s
0,,l,k,s
0,,l,n,v
0,,l,k,s
0,,a,k,y
1,,p,k,v
0,,l,u,v
0,,l,k,n
0,,a,n,n
0,,a,n,s
0,,a,u,v
0,,a,u,v
0,,n,k,s
0,,a,n,s
1,,p,k,v
0,,a,n,n
0,,n,k,s
1,,p,n,s
0,,a,k,n
0,,a,k,n
0,,l,n,v
0,,a,k,n
0,,l,k,n
0,,a,n,y
0,,l,n,s
0,,n,n,v
0,,l,n,s
0,,l,n,y
1,,p,n,s
0,,a,n,n
0,,a,n,s
0,,l,k,n
0,,a,n,y
0,,a,k,s
0,,a,n,s
0,,n,k,v
0,,n,k,y
0,,n,k,v
0,,a,k,n
1,,p,k,s
0,,n,k,s
0,,l,k,s
1,,p,n,s
0,,a,k,n
1,,p,k,v
0,,l,k,n
0,,l,k,s
1,,p,n,s
1,,p,k,s
0,,n,n,a
0,,l,n,y
0,,n,n,a
0,,l,n,s
0,,l,k,s
0,,a,k,n
0,,n,n,s
0,,a,k,y
0,,l,k,s
0,,n,k,v
0,,n,n,a
0,,n,n,s
0,,n,k,a
1,,p,n,s
0,,l,k,s
0,,l,k,s
0,,n,k,a
0,,l,k,s
0,,a,n,n
0,,n,n,y
0,,l,k,s
0,,l,n,n
0,,l,u,v
0,,a,k,s
0,,n,k,y
0,,l,k,s
0,,l,u,v
0,,n,k,y
0,,a,n,s
0,,a,k,n
0,,n,n,s
0,,a,k,n
0,,n,k,v
0,,l,k,s
0,,a,n,s
0,,a,n,s
0,,a,k,s
0,,l,k,n
0,,n,k,s
0,,a,k,s
0,,l,k,n
0,,a,n,y
0,,l,k,s
0,,a,k,y
0,,l,k,s
0,,l,u,v
0,,a,k,s
0,,l,k,n
0,,a,k,s
0,,l,u,v
0,,a,k,s
0,,l,n,n
0,,a,k,y
1,,p,k,s
1,,p,k,v
0,,l,n,s
0,,n,n,s
0,,a,k,n
0,,l,k,y
0,,n,n,y
0,,a,k,s
0,,l,k,s
1,,p,k,s
1,,p,n,s
0,,l,n,s
0,,a,n,n
0,,a,n,s
0,,l,n,y
0,,l,n,y
0,,a,n,n
0,,a,k,s
0,,n,n,v
0,,n,k,a
0,,l,u,v
0,,l,n,s
0,,n,k,y
0,,n,n,v
0,,l,n,y
0,,l,n,y
0,,a,k,s
0,,l,n,v
0,,a,n,n
0,,a,u,v
0,,a,k,n
0,,n,n,v
0,,a,k,n
0,,n,k,v
0,,a,n,s
0,,l,k,n
0,,a,k,s
0,,a,k,s
0,,l,k,s
0,,a,n,s
0,,n,n,a
1,,p,n,s
0,,a,n,s
0,,a,n,s
1,,p,k,v
1,,p,n,v
0,,n,n,a
1,,p,k,s
0,,n,n,a
0,,l,k,s
0,,l,k,n
0,,l,n,s
0,,l,k,y
0,,l,k,n
0,,n,k,y
0,,a,n,n
0,,a,k,n
0,,a,k,s
0,,n,n,a
0,,l,n,s
0,,l,n,n
0,,l,k,s
0,,a,n,s
0,,l,n,s
0,,a,k,s
0,,a,n,s
0,,n,k,v
0,,a,n,s
0,,a,k,n
0,,l,n,v
0,,n,n,a
0,,a,k,s
1,,p,n,v
0,,l,n,n
0,,n,n,s
0,,a,n,s
0,,l,k,s
0,,l,k,y
0,,n,n,s
1,,p,n,s
1,,p,k,s
0,,l,k,n
0,,a,n,s
0,,a,n,v
1,,p,k,s
0,,l,k,s
0,,n,k,v
0,,n,k,v
0,,a,k,s
0,,a,k,s
0,,a,n,n
0,,l,n,s
0,,l,n,n
0,,l,n,s
0,,a,k,s
1,,p,n,v
0,,a,u,v
0,,a,n,s
0,,l,n,n
0,,a,u,v
0,,l,k,s
0,,a,n,n
0,,a,k,n
0,,l,n,y
0,,n,n,a
0,,a,n,n
0,,a,k,y
0,,l,n,n
0,,l,k,y
0,,l,n,n
0,,n,n,v
0,,l,k,s
0,,n,k,a
0,,l,n,v
0,,n,n,y
0,,a,n,s
0,,a,k,n
0,,a,n,n
0,,l,n,s
0,,a,k,n
0,,a,n,v
0,,n,k,a
0,,a,n,s
1,,p,n,s
0,,a,n,y
0,,l,n,n
0,,l,n,n
0,,a,k,s
0,,n,k,y
0,,l,k,s
0,,l,k,s
0,,a,k,n
1,,p,k,v
0,,n,k,v
0,,l,n,n
1,,p,n,s
0,,l,k,y
0,,l,n,s
0,,l,k,y
0,,a,k,n
0,,a,n,n
1,,p,n,v
1,,p,n,s
0,,l,k,n
0,,n,k,s
1,,p,n,v
0,,l,n,s
0,,a,k,n
0,,a,n,n
1,,p,n,v
0,,l,k,n
0,,a,n,n
0,,l,k,s
0,,a,k,s
0,,a,k,y
0,,l,n,s
0,,l,n,v
0,,a,k,n
0,,a,k,n
1,,p,k,v
1,,p,n,v
1,,p,k,v
0,,a,k,s
0,,a,k,y
0,,a,k,y
0,,a,n,v
0,,l,n,n
0,,l,n,n
0,,n,k,v
0,,a,k,s
0,,l,n,s
0,,a,k,s
0,,l,k,s
0,,l,n,v
0,,a,u,v
0,,l,n,s
0,,l,u,v
0,,n,k,v
0,,a,n,v
0,,l,k,y
0,,l,n,s
0,,l,n,y
1,,p,n,v
0,,l,n,s
1,,p,n,s
0,,a,k,s
0,,a,k,s
0,,a,u,v
1,,p,n,v
0,,a,n,s
0,,n,k,y
0,,a,k,n
0,,n,n,s
0,,a,n,s
0,,l,n,s
0,,l,n,n
0,,l,u,v
0,,l,n,s
0,,a,k,s
0,,n,n,y
0,,n,n,a
0,,n,k,v
0,,l,k,s
0,,l,u,v
0,,a,n,s
0,,a,k,n
1,,p,k,v
0,,l,n,y
0,,a,n,s
0,,a,n,s
0,,a,n,n
0,,a,n,s
0,,l,k,s
0,,n,n,v
0,,l,n,y
0,,n,n,y
0,,l,n,n
0,,a,k,y
0,,l,n,n
0,,a,n,s
0,,n,k,v
0,,a,n,s
0,,l,n,s
0,,a,n,n
0,,l,k,n
0,,l,n,y
0,,l,n,n
0,,a,n,v
0,,n,n,s
0,,a,k,n
0,,l,k,n
0,,l,k,s
0,,a,u,v
0,,a,n,s
0,,a,n,y
0,,a,k,y
0,,l,n,n
0,,n,n,y
0,,l,k,y
0,,a,k,n
0,,a,n,s
0,,l,n,s
0,,l,n,s
0,,a,k,n
0,,l,k,n
0,,l,k,s
0,,l,k,s
0,,l,k,y
0,,n,n,a
0,,n,k,s
0,,n,n,s
0,,l,n,n
0,,n,k,s
1,,p,k,s
0,,n,n,s
1,,p,n,v
1,,p,n,v
0,,l,k,n
0,,n,k,a
0,,l,k,n
0,,n,k,a
0,,n,k,s
0,,a,n,n
0,,l,n,s
0,,n,n,y
0,,n,n,a
0,,n,k,s
0,,n,k,a
0,,n,n,a
0,,l,k,n
0,,l,u,v
0,,n,n,s
0,,n,n,a
0,,n,k,a
1,,p,k,s
0,,n,n,y
0,,a,n,n
0,,n,k,a
0,,n,n,s
1,,p,n,v
0,,l,n,s
0,,n,k,y
0,,n,k,s
0,,a,k,n
0,,n,k,s
0,,n,k,a
0,,n,n,y
0,,a,n,n
0,,n,k,s
1,,p,n,s
0,,n,n,s
0,,n,n,v
0,,n,n,a
0,,n,k,s
0,,l,k,s
0,,n,k,a
1,,p,n,v
1,,p,n,s
0,,l,k,s
0,,n,n,a
0,,n,n,a
0,,n,n,s
0,,l,k,s
1,,p,k,v
0,,n,k,v
0,,l,u,v
0,,l,n,n
0,,n,k,a
0,,n,k,a
0,,n,k,v
0,,n,n,y
0,,n,k,s
0,,n,k,s
1,,p,k,s
0,,n,k,y
0,,n,k,s
0,,n,k,s
0,,n,n,s
0,,n,k,v
0,,n,k,v
0,,n,k,s
0,,n,k,y
0,,n,k,s
0,,l,k,n
0,,n,k,y
0,,l,n,s
0,,n,k,a
0,,n,n,y
0,,l,k,s
0,,n,k,s
0,,n,n,s
1,,p,k,s
0,,n,n,s
0,,n,k,a
0,,n,n,a
0,,n,k,a
0,,l,n,n
0,,l,k,n
0,,n,k,a
0,,n,n,s
0,,n,k,v
0,,n,k,s
0,,n,k,a
0,,l,n,s
0,,a,u,v
0,,l,n,n
1,,p,k,v
0,,n,k,y
0,,l,n,y
0,,n,n,s
1,,p,k,v
0,,l,n,y
0,,n,n,a
0,,n,n,a
0,,n,n,s
0,,n,n,a
0,,l,n,s
0,,a,n,s
0,,n,k,s
0,,a,n,s
0,,n,k,s
0,,n,k,s
0,,a,u,v
0,,l,n,s
0,,n,n,y
1,,p,n,s
0,,n,k,v
0,,n,n,a
0,,a,k,n
0,,a,k,n
0,,a,n,s
1,,p,k,v
1,,p,n,s
0,,n,n,v
0,,l,u,v
0,,l,k,n
0,,n,k,a
0,,n,n,y
1,,p,k,v
0,,n,n,s
0,,n,n,s
0,,n,n,s
0,,n,k,a
0,,a,k,s
0,,a,n,v
0,,n,k,y
1,,p,k,s
0,,a,n,y
0,,a,k,s
0,,n,k,a
0,,n,n,v
0,,n,n,a
0,,a,n,s
0,,n,n,s
1,,p,n,s
0,,n,k,v
0,,n,k,a
0,,n,k,v
0,,n,k,y
0,,n,n,a
0,,l,n,s
0,,n,k,s
0,,l,k,s
0,,l,n,v
0,,n,n,s
0,,l,k,n
0,,n,n,s
0,,n,n,a
0,,l,n,v
0,,n,n,s
0,,n,n,s
1,,p,k,s
0,,l,u,v
0,,a,k,s
0,,n,n,a
0,,n,k,v
0,,l,n,s
0,,n,n,a
1,,p,n,v
0,,a,n,s
0,,n,k,y
0,,l,k,s
0,,n,k,a
0,,n,n,y
1,,p,n,v
0,,n,n,s
0,,l,k,s
0,,n,k,a
1,,p,n,v
0,,l,k,n
0,,n,k,s
0,,l,k,n
0,,n,n,s
0,,l,n,n
0,,l,k,n
1,,p,k,v
0,,l,k,s
0,,n,k,y
0,,a,k,y
0,,n,n,a
0,,l,u,v
0,,n,n,a
1,,p,k,v
0,,n,k,a
0,,n,k,a
0,,n,k,s
1,,p,n,s
0,,n,n,a
0,,n,n,s
0,,n,n,s
1,,p,n,s
0,,n,n,a
0,,n,k,a
1,,p,k,v
0,,n,n,a
0,,l,n,n
0,,n,n,a
0,,n,k,a
1,,p,k,s
0,,a,n,s
0,,n,k,a
0,,l,k,s
0,,n,k,s
0,,n,n,s
0,,n,n,s
0,,n,k,s
0,,n,n,s
0,,n,k,s
0,,n,k,a
0,,n,n,s
0,,n,k,v
0,,a,u,v
0,,n,k,s
0,,n,k,a
0,,a,n,n
0,,n,n,a
0,,n,k,a
1,,p,n,v
0,,n,k,a
1,,p,k,s
0,,n,n,s
0,,a,k,n
0,,n,k,s
0,,n,n,y
0,,l,n,s
0,,n,n,a
0,,n,n,a
0,,n,n,a
0,,n,n,v
0,,n,n,s
0,,n,k,a
0,,n,n,a
0,,n,n,s
0,,n,k,s
0,,n,n,a
0,,n,k,a
0,,n,k,a
0,,n,k,a
0,,a,k,y
1,,p,n,v
0,,n,k,a
1,,p,k,v
0,,a,n,s
0,,n,k,s
0,,n,k,a
0,,n,n,s
0,,n,k,s
0,,a,n,n
0,,n,k,s
0,,n,n,v
0,,a,k,s
0,,n,k,s
0,,a,n,n
1,,p,k,v
0,,n,k,y
0,,n,k,s
0,,a,n,n
0,,n,k,s
0,,n,k,v
0,,n,n,a
0,,n,k,v
0,,n,k,v
0,,n,k,y
0,,l,k,s
0,,n,n,v
0,,n,n,a
0,,a,k,s
0,,l,k,y
0,,l,k,y
0,,n,n,a
0,,a,k,n
0,,a,k,s
0,,n,n,a
0,,n,k,a
1,,p,k,v
0,,l,n,s
0,,n,n,s
0,,n,k,s
0,,l,n,s
0,,n,n,v
0,,l,n,s
0,,a,k,n
1,,p,k,s
0,,n,k,s
0,,a,n,n
0,,l,n,n
0,,l,k,s
0,,l,n,n
0,,a,n,n
0,,a,k,n
0,,n,k,s
1,,p,n,s
0,,n,n,a
0,,n,k,a
1,,p,k,s
0,,n,k,a
0,,n,n,s
0,,n,k,a
0,,n,k,a
0,,a,k,y
0,,n,k,a
0,,n,k,a
1,,p,n,v
0,,n,n,a
0,,n,k,s
0,,n,n,a
0,,n,n,s
0,,a,k,s
0,,n,n,s
0,,n,n,a
0,,n,k,s
0,,n,k,a
0,,n,k,s
0,,n,n,v
0,,n,k,a
1,,p,n,v
0,,n,k,y
0,,n,n,s
1,,p,n,s
0,,n,k,a
0,,n,n,a
0,,n,k,a
0,,n,k,a
0,,n,k,a
0,,n,n,s
0,,n,n,s
0,,n,k,s
1,,p,k,v
0,,n,n,a
1,,p,k,s
1,,p,n,s
0,,n,n,s
0,,n,k,a
0,,n,n,a
0,,n,k,a
0,,n,k,a
0,,n,n,a
0,,n,n,y
0,,n,n,v
0,,n,n,a
1,,p,n,v
1,,p,n,s
0,,n,n,a
1,,p,n,s
0,,n,k,s
0,,n,n,a
1,,p,k,v
1,,p,k,v
1,,p,k,v
1,,p,k,s
0,,n,k,a
0,,n,n,v
0,,n,n,a
0,,n,k,a
1,,p,k,v
0,,n,n,s
0,,n,n,y
0,,n,k,s
0,,n,n,s
1,,p,n,s
0,,n,n,a
0,,n,k,s
1,,p,k,s
0,,n,n,a
0,,n,n,s
0,,n,k,s
0,,n,n,s
0,,a,k,n
0,,n,n,a
0,,n,k,s
0,,n,n,s
0,,n,k,a
0,,n,k,a
1,,p,k,s
0,,n,k,s
0,,n,k,y
0,,n,k,a
0,,n,k,v
0,,n,n,a
0,,n,k,a
1,,p,n,v
1,,p,k,v
0,,n,n,a
0,,n,n,v
0,,n,k,s
0,,a,k,s
0,,n,n,a
0,,n,n,a
0,,n,k,a
0,,n,n,s
0,,n,n,y
0,,n,n,a
0,,n,n,s
0,,n,n,s
0,,n,n,s
0,,n,n,a
0,,n,n,s
0,,n,n,s
0,,n,n,a
1,,p,n,s
0,,n,n,a
0,,l,k,n
0,,n,n,s
0,,n,n,s
0,,n,k,y
0,,l,k,s
0,,n,k,s
0,,n,n,y
1,,p,n,s
0,,n,k,s
1,,p,n,s
0,,n,n,a
0,,n,k,a
0,,l,k,n
0,,n,n,a
0,,n,n,a
0,,n,k,s
0,,n,k,s
0,,n,k,a
1,,p,k,v
0,,n,n,a
0,,n,k,a
0,,n,k,y
0,,n,n,a
0,,n,n,y
0,,a,n,n
0,,n,k,s
0,,n,k,a
0,,n,n,a
1,,p,k,s
0,,n,n,y
0,,n,n,s
0,,n,k,a
1,,p,n,v
0,,n,k,s
0,,n,n,y
0,,n,n,v
0,,n,n,v
0,,n,n,s
0,,n,n,s
0,,n,n,a
0,,n,k,a
0,,n,k,a
0,,n,k,s
0,,n,k,a
0,,n,n,a
0,,n,k,s
0,,n,n,a
1,,p,k,v
0,,n,k,a
0,,n,n,s
0,,n,n,a
0,,n,n,s
0,,n,k,a
0,,n,n,a
0,,n,k,v
0,,n,n,a
0,,n,k,s
0,,n,k,s
0,,n,k,s
0,,l,k,s
1,,p,k,s
1,,p,k,v
0,,n,k,s
0,,n,k,s
1,,p,k,s
0,,n,k,s
1,,p,n,v
0,,n,n,a
1,,p,n,v
0,,n,k,a
0,,n,k,a
0,,n,k,a
0,,n,n,s
0,,n,n,v
0,,n,k,v
0,,n,n,s
0,,n,k,y
0,,n,n,s
0,,n,k,a
0,,n,k,s
0,,n,k,s
0,,n,n,y
0,,n,n,s
0,,n,k,s
0,,n,n,s
1,,p,n,s
0,,n,k,s
0,,a,n,y
0,,n,k,y
0,,n,n,a
0,,n,n,a
1,,p,n,s
0,,n,k,a
0,,n,k,a
0,,n,k,a
0,,n,n,s
0,,n,k,s
0,,n,k,s
0,,n,n,a
0,,n,n,a
0,,n,n,a
0,,n,k,a
0,,l,n,s
0,,n,k,a
0,,n,n,s
0,,n,k,a
1,,p,n,s
0,,n,k,s
0,,n,n,v
0,,n,n,s
0,,n,k,a
0,,n,n,a
0,,n,n,s
0,,n,k,s
0,,l,k,s
1,,p,k,v
0,,n,n,s
0,,n,k,v
1,,p,k,s
1,,p,k,s
1,,p,n,s
0,,n,k,y
0,,l,k,n
1,,p,k,s
0,,n,k,a
0,,n,n,s
0,,n,k,y
0,,n,k,a
0,,n,k,s
0,,n,n,s
1,,p,n,s
1,,p,k,v
0,,n,k,s
0,,n,n,s
0,,n,k,v
0,,n,n,s
0,,n,k,a
1,,p,n,v
0,,n,n,a
1,,p,n,v
0,,n,k,a
0,,n,k,s
0,,n,n,a
0,,n,n,y
0,,n,n,s
1,,p,n,s
0,,n,n,v
0,,n,k,s
0,,n,k,s
0,,a,u,v
0,,n,n,s
0,,n,k,v
0,,n,n,y
0,,a,u,v
0,,n,k,a
0,,n,k,s
0,,n,n,y
0,,n,k,a
1,,p,k,v
0,,n,n,s
0,,n,n,a
0,,n,n,s
0,,n,k,a
0,,n,n,a
1,,p,k,s
0,,n,n,s
0,,n,n,a
0,,n,k,s
0,,n,k,s
0,,n,k,a
0,,l,k,y
1,,p,k,v
0,,n,k,a
0,,n,k,s
0,,n,n,s
1,,p,n,s
0,,n,k,s
1,,p,n,s
0,,n,k,s
0,,n,k,s
0,,n,k,a
0,,n,k,s
0,,n,n,s
0,,n,n,s
0,,n,k,a
0,,n,k,s
0,,n,n,a
0,,a,k,n
0,,n,n,s
0,,n,k,a
0,,n,n,a
0,,n,n,y
1,,p,k,s
0,,n,n,y
0,,n,n,a
0,,n,k,y
0,,n,n,a
0,,n,k,s
0,,n,k,a
0,,a,k,s
0,,a,u,v
0,,n,n,a
0,,n,n,a
0,,n,n,s
0,,a,k,s
0,,n,k,s
0,,l,n,s
0,,n,k,s
0,,n,n,a
0,,n,n,s
0,,n,n,a
0,,n,n,s
0,,n,n,y
0,,n,k,s
0,,a,k,n
0,,n,k,a
1,,p,k,s
0,,n,n,s
1,,p,n,s
0,,n,k,s
0,,n,n,s
1,,p,n,s
0,,n,k,a
1,,p,n,s
0,,n,n,s
0,,n,k,s
1,,p,n,v
0,,n,k,a
0,,n,k,a
0,,n,n,s
0,,n,k,a
0,,n,k,y
1,,p,k,s
0,,n,k,s
0,,a,k,y
0,,n,n,a
0,,n,k,a
0,,l,k,n
0,,n,k,a
0,,n,k,a
0,,n,n,a
1,,p,n,s
0,,n,n,a
0,,a,k,n
0,,n,n,a
0,,n,k,s
0,,n,n,a
0,,n,k,s
0,,n,k,a
0,,n,n,v
0,,l,n,n
0,,n,n,v
1,,p,k,s
0,,n,n,a
1,,p,k,v
0,,n,n,a
0,,n,k,a
0,,n,k,a
0,,n,n,a
0,,n,n,s
0,,l,k,s
0,,n,k,a
0,,n,k,s
1,,p,k,v
0,,n,k,a
1,,p,k,s
0,,n,k,a
0,,n,k,v
0,,n,k,s
1,,p,n,v
0,,n,k,s
1,,p,n,v
0,,n,n,v
0,,n,n,s
0,,a,n,s
0,,n,k,s
0,,n,n,a
0,,n,n,s
0,,n,k,s
0,,n,n,a
0,,n,k,s
0,,n,n,a
0,,n,n,v
0,,n,k,a
0,,n,k,s
0,,l,n,s
0,,n,k,y
0,,n,k,a
0,,n,n,s
0,,n,n,a
0,,n,k,s
0,,n,k,a
0,,n,k,a
0,,n,n,s
0,,n,n,y
0,,n,n,s
0,,n,k,a
0,,n,n,a
0,,n,k,y
1,,p,k,s
1,,p,n,v
0,,n,k,v
0,,n,n,a
0,,n,n,a
0,,n,n,s
0,,n,n,s
0,,n,k,s
0,,n,k,a
0,,n,n,s
0,,n,k,a
0,,n,k,v
1,,p,n,v
0,,n,n,s
0,,n,n,v
1,,p,n,s
1,,p,k,v
1,,p,k,s
0,,n,n,a
0,,n,n,s
0,,n,k,a
0,,n,k,a
0,,n,k,a
1,,p,n,v
1,,p,k,v
0,,n,n,a
0,,n,k,a
0,,n,n,s
0,,n,k,v
0,,n,n,v
0,,n,k,a
0,,n,n,s
0,,n,k,a
0,,l,n,n
0,,n,n,a
0,,n,n,s
0,,n,n,s
0,,n,n,a
0,,n,n,s
0,,n,k,s
0,,n,n,s
0,,n,k,s
0,,n,n,s
0,,n,k,a
0,,n,n,s
0,,n,k,s
0,,n,n,a
0,,n,k,s
0,,n,k,a
0,,a,k,n
0,,l,k,n
0,,n,k,a
1,,p,k,s
0,,n,n,s
1,,p,k,s
0,,n,n,v
1,,p,k,v
0,,l,n,s
0,,l,n,n
0,,l,n,y
0,,n,n,s
0,,n,k,s
0,,n,k,a
0,,n,k,a
0,,n,n,s
0,,n,k,a
0,,n,k,s
0,,l,n,n
0,,n,k,s
0,,l,k,s
1,,p,k,v
0,,n,k,s
0,,n,k,s
0,,n,n,s
0,,n,n,s
0,,n,n,y
0,,n,k,y
0,,a,n,y
0,,n,k,y
0,,n,n,a
0,,n,k,s
0,,n,n,a
0,,n,n,a
0,,n,k,s
0,,n,n,a
0,,n,n,a
0,,n,n,a
0,,n,k,y
0,,n,n,s
0,,n,k,s
1,,p,k,s
0,,n,k,y
0,,n,k,s
0,,n,k,s
1,,p,n,v
0,,n,k,s
0,,n,k,v
0,,n,k,a
0,,n,k,s
0,,n,n,v
0,,n,n,a
0,,n,n,a
0,,n,k,y
0,,l,k,n
0,,l,n,n
0,,n,n,s
0,,n,k,a
0,,n,k,s
0,,n,k,a
0,,n,n,a
0,,n,n,s
0,,a,n,n
1,,p,k,v
0,,n,k,a
0,,n,k,s
0,,a,k,s
0,,n,n,a
0,,n,n,a
1,,p,k,v
0,,n,k,a
0,,n,n,s
1,,p,k,v
0,,n,n,a
0,,n,k,a
0,,n,k,v
0,,n,k,s
1,,p,n,v
0,,n,k,a
0,,n,n,s
0,,n,n,s
0,,n,k,a
0,,l,n,y
1,,p,n,s
0,,n,n,a
0,,n,k,y
1,,p,n,s
0,,n,n,s
0,,n,n,s
0,,a,n,y
0,,n,n,s
0,,n,k,a
1,,p,n,s
0,,n,k,s
0,,n,n,s
0,,n,k,s
0,,n,n,v
0,,n,k,s
0,,n,k,a
0,,n,k,s
0,,n,n,s
0,,n,k,y
0,,n,n,s
1,,p,n,s
0,,n,n,a
0,,n,n,s
0,,n,k,v
0,,a,n,y
0,,n,k,a
0,,n,k,a
0,,n,k,a
0,,a,n,s
0,,n,k,y
0,,n,k,a
0,,n,k,a
1,,p,n,s
1,,p,k,v
0,,n,k,a
0,,n,n,v
0,,n,k,s
0,,n,k,a
1,,p,k,s
0,,a,n,s
0,,n,k,a
1,,p,k,s
0,,n,k,a
0,,n,n,s
0,,n,k,s
1,,p,n,v
0,,n,k,a
0,,n,n,a
0,,n,n,s
0,,n,n,a
1,,p,k,v
0,,n,n,s
0,,n,n,a
1,,p,k,v
0,,n,k,a
0,,n,n,v
0,,n,n,a
0,,n,k,v
0,,n,n,v
0,,n,n,y
0,,n,k,v
0,,n,n,s
0,,n,n,y
0,,n,k,y
0,,n,n,s
1,,p,n,s
0,,n,k,v
1,,p,k,v
0,,a,n,s
0,,n,k,a
0,,a,n,s
1,,f,h,y
0,,n,n,a
0,,n,n,s
0,,n,k,v
0,,n,k,s
0,,n,k,s
1,,p,k,v
0,,n,n,y
0,,l,n,n
0,,n,k,s
0,,n,n,v
0,,n,k,s
0,,n,n,a
0,,n,k,v
0,,n,n,y
0,,n,k,v
0,,n,n,a
0,,n,k,v
0,,n,n,v
0,,n,n,v
0,,n,n,y
0,,n,n,s
0,,n,k,y
0,,n,k,s
0,,n,k,a
0,,n,n,a
0,,n,k,v
1,,p,n,s
0,,n,k,v
0,,n,k,s
0,,n,n,a
0,,n,n,v
0,,n,k,v
0,,n,k,v
0,,n,k,v
0,,n,n,a
0,,n,n,v
0,,n,k,v
0,,n,k,y
0,,n,n,y
0,,a,n,v
0,,n,n,v
1,,p,n,v
0,,n,k,s
0,,n,n,y
0,,n,k,v
0,,n,k,a
0,,n,n,y
0,,n,n,s
0,,n,n,y
0,,n,n,v
0,,n,k,a
0,,n,k,a
0,,n,k,s
0,,n,k,s
0,,n,n,y
0,,n,k,a
0,,n,k,a
0,,n,n,v
0,,n,n,y
0,,n,n,v
0,,n,k,y
0,,n,n,s
0,,n,k,a
0,,n,k,a
0,,n,n,a
0,,n,n,v
0,,n,n,y
0,,n,k,v
0,,l,n,v
0,,n,k,a
1,,p,k,s
0,,n,k,v
0,,n,n,v
0,,n,n,a
0,,n,n,a
0,,n,n,a
0,,n,n,a
0,,n,n,a
0,,n,n,v
0,,n,n,y
0,,n,n,s
0,,n,k,a
0,,n,n,s
0,,n,k,y
0,,n,n,a
0,,n,n,a
0,,n,k,s
0,,n,n,s
0,,n,n,a
0,,n,k,a
0,,n,n,v
0,,n,k,a
0,,n,n,s
0,,n,k,v
0,,n,k,v
0,,n,k,v
0,,n,k,s
0,,n,n,a
0,,l,n,y
1,,p,k,v
0,,n,k,a
0,,n,k,s
0,,n,k,v
0,,n,k,y
0,,n,n,a
0,,n,k,s
0,,n,n,s
0,,n,n,v
0,,n,k,v
0,,n,k,s
0,,n,k,a
0,,n,k,s
0,,n,k,s
1,,p,k,s
0,,a,n,s
0,,n,n,v
0,,n,k,a
0,,n,n,s
0,,n,n,s
0,,l,u,v
0,,n,n,a
0,,n,k,a
0,,n,k,s
0,,n,k,v
0,,n,k,v
0,,n,k,v
0,,n,k,s
0,,n,n,s
1,,p,n,v
0,,n,n,s
0,,n,n,y
0,,n,n,v
0,,n,n,a
0,,n,n,v
0,,n,n,v
0,,n,k,y
0,,n,n,v
0,,n,k,v
1,,p,k,v
0,,n,k,s
0,,n,n,v
0,,n,n,y
1,,p,n,s
0,,n,k,y
0,,n,k,s
0,,n,k,v
0,,n,n,s
0,,n,n,a
0,,n,k,s
0,,n,n,v
0,,n,k,s
0,,n,n,v
0,,n,k,s
0,,n,k,a
0,,n,n,s
1,,p,k,v
0,,n,k,y
0,,n,n,s
1,,p,n,s
0,,n,n,v
0,,n,n,y
0,,n,n,a
0,,n,k,v
0,,n,n,s
0,,n,k,s
0,,l,k,n
0,,n,n,s
0,,n,n,v
0,,n,k,y
0,,n,n,a
1,,p,n,s
0,,n,n,v
1,,p,k,s
1,,p,n,v
0,,n,n,v
0,,n,n,a
0,,n,n,y
0,,n,k,a
0,,n,n,y
0,,n,n,s
0,,n,k,a
0,,n,k,a
0,,n,k,s
0,,n,n,v
0,,n,n,v
0,,n,k,a
0,,n,k,y
1,,p,n,v
0,,l,n,s
1,,p,k,s
0,,n,n,s
0,,n,k,a
1,,p,n,v
0,,n,n,a
0,,n,k,s
0,,n,k,v
0,,n,k,a
0,,n,n,s
0,,n,n,a
0,,n,k,s
0,,a,n,v
0,,a,n,v
0,,n,n,a
0,,n,n,y
0,,n,k,y
0,,n,n,y
0,,n,k,s
0,,n,n,y
0,,n,k,v
0,,n,k,a
0,,n,n,v
0,,n,k,a
0,,l,k,s
0,,n,k,v
0,,n,n,s
0,,n,k,y
0,,n,k,y
0,,n,k,v
0,,n,n,a
0,,n,k,s
0,,n,n,a
0,,n,k,a
0,,n,k,y
0,,n,n,y
0,,n,k,y
0,,n,n,s
0,,n,n,s
0,,n,k,s
0,,a,n,s
0,,n,n,v
0,,n,k,s
0,,n,k,v
0,,n,n,y
0,,n,n,a
0,,a,k,s
0,,n,n,s
0,,n,n,a
0,,n,n,v
0,,n,k,s
0,,n,n,v
0,,n,n,y
0,,n,n,a
0,,a,k,n
0,,n,n,s
1,,p,n,v
0,,n,n,s
0,,n,n,v
0,,n,n,s
0,,n,k,v
0,,n,n,v
1,,p,k,v
0,,n,n,a
0,,n,k,y
0,,n,k,y
0,,n,k,v
0,,n,n,y
0,,n,k,y
1,,p,n,v
0,,l,k,n
0,,n,n,v
0,,n,n,y
0,,n,n,s
0,,n,n,y
0,,n,n,s
0,,n,n,s
0,,n,n,v
0,,n,n,v
0,,n,k,s
0,,n,k,s
0,,n,n,s
0,,n,k,y
0,,n,n,y
1,,p,k,s
0,,n,k,v
0,,n,n,a
0,,a,n,s
0,,n,n,s
0,,n,k,s
0,,n,k,y
0,,n,n,v
0,,n,k,s
1,,p,k,s
0,,n,n,a
0,,n,k,y
0,,n,n,v
0,,n,n,v
0,,n,n,y
0,,n,n,y
0,,n,k,y
0,,n,n,v
0,,n,k,y
0,,n,k,v
0,,n,k,v
0,,n,k,v
0,,n,n,v
1,,p,n,v
0,,n,n,v
0,,n,k,v
0,,n,n,y
0,,n,k,y
0,,n,k,v
0,,n,k,v
0,,n,k,v
0,,n,n,y
0,,n,n,y
0,,n,k,v
0,,n,k,v
0,,n,k,v
0,,n,n,v
0,,n,n,y
0,,n,k,v
1,,f,h,y
1,,p,k,s
0,,n,k,v
0,,n,n,s
0,,n,n,v
0,,n,n,y
0,,n,n,v
0,,n,n,y
0,,n,n,v
0,,n,k,v
0,,n,n,y
0,,n,k,y
0,,n,k,v
0,,n,k,v
0,,n,n,y
0,,n,k,y
0,,n,n,v
0,,n,k,v
0,,n,n,v
1,,p,n,v
0,,n,n,y
1,,p,k,s
0,,n,k,y
0,,n,k,y
0,,n,n,v
0,,n,n,v
0,,n,n,y
0,,n,n,v
0,,n,n,y
0,,n,n,v
0,,n,n,y
0,,n,k,v
0,,n,k,y
0,,n,n,y
0,,n,k,v
0,,n,k,y
0,,n,n,y
0,,n,n,y
0,,n,n,y
0,,n,k,y
0,,n,k,y
0,,n,n,v
0,,n,k,v
0,,n,n,v
0,,n,n,v
0,,n,k,v
0,,n,n,y
0,,n,k,v
0,,n,k,y
0,,n,n,v
1,,f,h,y
0,,n,k,y
0,,n,n,y
0,,n,n,v
0,,n,n,y
0,,n,k,v
0,,n,k,v
0,,n,k,y
0,,n,k,y
0,,n,k,y
0,,n,k,v
0,,n,n,v
0,,n,k,v
0,,n,k,y
0,,n,n,s
0,,n,k,y
0,,n,k,y
0,,n,n,v
0,,n,k,v
0,,n,k,y
0,,n,n,v
0,,n,n,y
0,,n,n,a
0,,n,n,y
0,,n,k,v
0,,n,k,y
0,,n,k,y
0,,n,n,v
0,,n,k,v
0,,n,k,y
0,,n,k,y
0,,n,n,v
1,,c,n,s
0,,n,n,y
0,,n,k,v
0,,n,k,y
0,,n,n,v
0,,n,n,v
0,,n,n,y
0,,n,n,v
0,,n,k,v
0,,n,k,v
0,,n,n,v
0,,n,k,v
0,,n,n,v
0,,n,n,v
0,,n,n,y
0,,n,k,v
0,,n,n,y
0,,n,n,s
0,,n,k,y
0,,n,k,v
0,,n,n,v
0,,n,k,v
0,,n,n,y
0,,n,n,v
0,,n,k,v
0,,n,k,y
0,,n,n,y
0,,n,k,s
1,,f,h,y
0,,n,k,y
0,,n,n,y
1,,p,k,v
0,,n,k,y
0,,n,n,y
0,,n,k,v
0,,n,k,v
0,,n,n,v
0,,n,n,a
0,,n,n,y
0,,n,k,y
0,,n,n,y
0,,n,k,y
0,,n,n,s
0,,n,n,v
0,,n,k,v
0,,n,k,y
0,,n,n,y
0,,n,n,v
0,,n,n,v
0,,n,n,v
0,,n,n,a
0,,n,k,y
0,,n,k,y
0,,n,n,y
0,,n,k,y
0,,n,k,y
0,,n,k,a
0,,n,n,v
0,,n,k,y
0,,n,n,v
0,,n,n,v
0,,n,k,s
0,,n,k,v
0,,n,k,y
0,,n,k,v
0,,n,n,y
0,,n,k,y
0,,n,n,y
0,,n,n,v
0,,n,n,v
0,,n,k,y
0,,n,n,y
0,,n,n,v
0,,n,k,y
0,,n,k,y
1,,c,k,v
0,,n,k,y
0,,n,n,y
1,,p,k,s
0,,n,k,y
0,,n,k,y
0,,n,k,v
0,,n,n,v
0,,n,k,v
0,,n,n,y
0,,n,k,s
0,,n,n,v
0,,n,n,s
0,,n,n,y
0,,n,k,v
0,,n,n,v
0,,n,k,v
0,,n,n,v
0,,n,k,y
0,,n,k,v
0,,n,n,y
0,,n,n,v
0,,n,k,v
0,,n,k,y
0,,n,n,v
0,,n,n,y
0,,n,k,v
0,,n,n,y
0,,n,n,v
0,,n,k,y
0,,n,k,v
0,,n,k,v
0,,n,k,y
0,,n,k,y
0,,n,n,v
0,,n,k,y
0,,n,k,v
0,,n,k,y
0,,n,k,y
0,,n,n,y
0,,n,k,v
0,,n,n,y
0,,n,n,v
0,,n,k,v
0,,n,k,y
0,,n,k,v
0,,n,k,v
0,,n,k,y
0,,n,n,y
0,,n,n,y
0,,n,n,v
0,,n,n,v
0,,n,n,v
0,,n,n,y
0,,n,n,y
0,,n,n,v
0,,n,k,y
0,,n,n,v
0,,n,n,v
0,,n,n,y
0,,n,k,v
0,,n,n,s
0,,n,n,y
0,,n,n,s
0,,n,n,y
0,,n,k,y
1,,p,n,s
0,,n,k,v
0,,n,k,y
0,,n,n,y
0,,n,k,v
0,,n,k,v
0,,n,n,y
0,,n,k,y
0,,n,n,v
0,,n,n,y
0,,n,k,y
0,,n,k,y
0,,n,k,y
0,,n,k,v
0,,n,k,y
0,,n,k,v
0,,n,n,a
0,,n,k,v
0,,n,k,y
0,,n,k,y
0,,n,n,y
0,,n,k,y
0,,n,n,v
0,,n,n,y
1,,p,n,v
0,,n,k,v
0,,n,k,s
0,,n,n,s
0,,n,k,v
0,,n,k,y
0,,n,k,v
0,,n,k,v
0,,n,k,y
0,,n,n,v
1,,f,h,y
0,,n,k,y
0,,n,k,a
1,,p,n,v
0,,n,n,y
0,,n,n,v
0,,n,k,y
0,,n,k,v
0,,n,k,v
0,,n,n,v
0,,n,k,y
0,,n,k,v
0,,n,n,y
0,,n,n,y
0,,n,k,y
1,,p,k,v
0,,n,k,v
0,,n,k,v
0,,n,k,v
0,,n,k,v
0,,n,n,v
0,,n,n,y
0,,n,n,y
0,,n,k,y
0,,n,n,y
0,,n,k,v
0,,n,n,v
0,,n,n,v
0,,n,k,v
0,,n,n,v
0,,n,k,y
0,,n,n,v
0,,n,k,y
0,,n,k,y
0,,n,k,v
0,,n,n,y
0,,n,n,v
0,,n,k,y
0,,n,n,y
0,,n,n,y
0,,n,n,v
1,,c,k,v
0,,n,n,y
0,,n,k,y
0,,n,k,y
0,,n,n,v
0,,n,k,y
0,,n,n,y
0,,n,n,y
0,,n,k,v
0,,n,n,y
0,,n,n,y
0,,n,n,v
0,,n,k,y
0,,n,k,v
0,,n,n,y
0,,n,k,y
0,,n,k,y
1,,f,h,y
0,,n,k,v
0,,n,n,y
0,,n,k,v
0,,n,n,y
0,,n,k,v
0,,n,k,y
0,,n,n,y
0,,n,n,y
0,,n,n,a
0,,n,k,y
0,,n,k,y
0,,n,k,v
0,,n,n,y
0,,n,n,v
0,,n,k,y
0,,n,n,v
0,,n,k,v
0,,n,k,y
0,,n,k,y
0,,n,k,v
0,,n,n,y
0,,n,k,v
0,,n,n,v
0,,n,k,v
0,,n,k,y
0,,n,k,v
0,,n,k,v
0,,n,n,v
0,,n,k,v
0,,n,n,v
0,,n,n,y
0,,n,n,v
0,,n,k,v
0,,n,k,y
1,,p,k,s
0,,n,n,s
0,,n,k,v
0,,n,k,y
1,,c,n,s
0,,n,k,y
0,,n,k,v
0,,n,n,y
0,,n,k,v
0,,n,n,s
0,,n,n,v
0,,n,n,v
0,,n,n,v
0,,n,n,y
0,,n,k,v
0,,n,n,v
0,,n,k,y
1,,p,n,v
0,,n,n,y
0,,n,k,y
0,,n,n,v
0,,n,k,v
0,,n,k,s
0,,n,n,a
0,,n,k,v
0,,n,n,v
0,,n,n,y
0,,n,n,y
0,,n,n,y
0,,n,k,y
0,,n,k,v
0,,n,k,v
0,,n,n,y
0,,n,n,v
1,,c,n,s
0,,n,k,y
0,,n,n,y
0,,n,k,v
0,,n,k,v
0,,n,k,y
0,,n,n,s
0,,n,n,y
0,,n,k,v
0,,n,n,v
0,,n,k,v
0,,n,k,y
0,,n,n,y
0,,n,k,v
0,,n,n,y
0,,n,k,y
0,,n,k,v
0,,n,n,y
0,,n,n,v
0,,n,k,y
0,,n,k,y
1,,f,h,y
0,,n,k,v
0,,n,k,v
1,,f,h,v
0,,n,k,v
0,,n,k,v
1,,f,h,y
1,,c,n,s
0,,n,k,v
0,,n,n,y
0,,n,n,v
0,,n,k,y
0,,n,n,v
0,,n,n,y
0,,n,n,y
0,,n,k,v
0,,n,k,y
0,,n,k,v
0,,n,k,y
0,,n,n,v
0,,n,k,y
0,,n,k,y
0,,n,n,v
0,,n,n,v
0,,n,n,v
0,,n,n,v
0,,n,k,y
1,,c,k,v
0,,n,k,y
0,,n,n,v
0,,n,n,y
0,,n,k,v
0,,n,k,y
1,,f,h,y
0,,n,k,y
0,,n,n,v
0,,n,k,v
0,,n,n,v
1,,f,h,v
0,,n,n,y
0,,n,k,v
0,,n,k,v
0,,n,k,y
0,,n,n,y
0,,n,k,y
0,,n,k,y
0,,n,k,y
0,,n,k,v
0,,n,n,v
0,,n,n,v
0,,n,k,v
0,,n,n,v
0,,n,n,v
0,,n,n,y
0,,n,k,v
0,,n,n,v
0,,n,n,v
0,,n,k,y
0,,n,n,v
0,,n,k,y
0,,n,n,v
1,,f,h,v
0,,n,k,y
0,,n,n,y
0,,n,n,y
0,,n,n,y
0,,n,k,v
0,,n,k,y
0,,n,k,y
0,,n,k,v
0,,n,k,y
0,,n,n,v
1,,f,h,v
0,,n,n,v
0,,n,n,v
0,,n,k,y
0,,n,n,v
0,,n,k,y
0,,n,n,v
0,,n,n,y
0,,n,n,y
0,,n,k,v
0,,n,k,y
0,,n,n,y
0,,n,n,y
0,,n,n,y
0,,n,k,y
0,,n,n,v
0,,n,n,v
0,,n,n,y
0,,n,k,y
0,,n,n,v
0,,n,n,v
0,,n,n,v
1,,c,n,v
0,,n,n,v
0,,n,n,y
0,,n,k,a
0,,n,n,v
0,,n,n,y
0,,n,n,v
0,,n,n,v
0,,n,n,v
0,,n,n,y
0,,n,n,v
0,,n,n,v
0,,n,k,v
0,,n,k,y
0,,n,n,v
0,,n,k,v
0,,n,k,v
0,,n,n,y
0,,n,n,y
0,,n,k,y
0,,n,k,s
0,,n,n,v
0,,n,k,y
0,,n,n,y
0,,n,k,v
0,,n,n,y
0,,n,k,y
0,,n,k,v
0,,n,k,v
0,,n,k,y
0,,n,k,v
0,,n,k,v
0,,n,n,y
0,,n,n,v
0,,n,n,v
0,,n,n,y
0,,n,k,v
0,,n,k,v
0,,n,k,y
0,,n,n,v
0,,n,k,y
0,,n,n,y
0,,n,n,y
0,,n,n,v
0,,n,n,y
0,,n,n,v
0,,n,n,y
0,,n,k,v
0,,n,k,v
0,,n,k,v
0,,n,n,v
0,,n,n,y
0,,n,k,y
0,,n,n,v
0,,n,n,y
0,,n,k,v
1,,c,n,v
0,,n,k,y
0,,n,n,v
0,,n,n,y
0,,n,n,v
0,,n,k,y
0,,n,k,v
0,,n,n,a
0,,n,k,y
0,,n,n,v
0,,n,k,v
0,,n,n,v
0,,n,n,y
0,,n,k,y
1,,f,h,y
0,,n,n,v
0,,n,k,v
0,,n,n,v
0,,n,k,y
0,,n,k,v
0,,n,n,y
0,,n,k,v
0,,n,k,v
0,,n,n,y
0,,n,k,v
0,,n,k,y
0,,n,k,v
0,,n,k,v
0,,n,n,y
0,,n,n,y
0,,n,k,y
0,,n,n,v
0,,n,k,y
0,,n,n,y
0,,n,n,v
0,,n,k,y
0,,n,k,v
0,,n,n,v
0,,n,n,y
0,,n,n,y
0,,n,n,v
0,,n,k,v
0,,n,k,y
0,,n,n,y
0,,n,n,y
0,,n,k,v
0,,n,n,y
0,,n,k,s
0,,n,n,y
0,,n,n,y
0,,n,k,y
0,,n,k,y
0,,n,n,v
0,,n,k,y
0,,n,k,y
0,,n,k,y
0,,n,k,y
0,,n,n,y
0,,n,n,y
0,,n,k,y
0,,n,k,v
0,,n,n,v
0,,n,n,y
0,,n,k,v
0,,n,k,y
0,,n,n,y
1,,c,k,v
0,,n,n,y
0,,n,n,y
0,,n,k,y
0,,n,k,v
0,,n,n,v
0,,n,n,v
0,,n,k,y
0,,n,n,v
0,,n,k,y
0,,n,n,y
0,,n,k,y
0,,n,k,y
0,,n,k,y
0,,n,n,v
0,,n,n,v
0,,n,n,v
1,,f,h,v
0,,n,n,v
0,,n,k,y
0,,n,n,y
1,,f,h,y
0,,n,n,v
0,,n,n,v
0,,n,k,v
0,,n,k,v
0,,n,n,y
0,,n,n,v
0,,n,k,v
0,,n,n,v
0,,n,k,v
0,,n,k,y
0,,n,n,v
0,,n,k,y
0,,n,k,y
0,,n,k,v
0,,n,k,y
0,,n,n,y
0,,n,n,y
0,,n,k,s
0,,n,k,y
0,,n,n,y
0,,n,k,y
0,,n,n,v
0,,n,k,y
0,,n,n,v
0,,n,n,v
0,,n,k,v
1,,c,n,s
0,,n,n,y
0,,n,k,v
0,,n,n,y
0,,n,n,s
0,,n,n,y
0,,n,n,v
0,,n,n,y
0,,n,k,y
0,,n,k,y
0,,n,k,v
0,,n,n,v
0,,n,n,v
0,,n,k,v
0,,n,n,v
0,,n,n,v
0,,n,n,y
0,,n,n,v
0,,n,n,v
0,,n,k,y
0,,n,k,s
0,,n,n,y
0,,n,n,y
0,,n,k,v
0,,n,n,y
0,,n,n,y
0,,n,k,v
0,,n,k,y
0,,n,n,v
0,,n,k,v
0,,n,k,v
0,,n,n,y
0,,n,n,y
0,,n,k,v
0,,n,k,y
0,,n,n,v
0,,n,k,y
0,,n,k,v
0,,n,n,y
0,,n,n,v
0,,n,n,y
0,,n,k,y
0,,n,k,y
0,,n,k,v
1,,c,k,v
0,,n,n,y
0,,n,n,v
0,,n,n,s
0,,n,k,y
0,,n,k,y
0,,n,k,y
0,,n,n,y
0,,n,n,v
0,,n,k,y
0,,n,n,y
0,,n,n,v
0,,n,n,v
0,,n,n,y
0,,n,n,v
0,,n,n,y
0,,n,k,v
0,,n,k,y
0,,n,n,y
1,,c,k,s
0,,n,k,v
0,,n,k,v
0,,n,k,y
0,,n,k,v
0,,n,k,y
0,,n,n,y
0,,n,n,y
0,,n,n,y
0,,n,k,v
0,,n,k,v
0,,n,n,v
0,,n,n,y
0,,n,k,y
0,,n,n,y
0,,n,n,y
0,,n,k,y
0,,n,n,y
0,,n,n,y
0,,n,n,y
0,,n,n,v
0,,n,k,s
0,,n,k,v
0,,n,n,y
0,,n,k,v
0,,n,k,y
0,,n,k,v
1,,c,k,v
0,,n,k,v
0,,n,k,v
0,,n,k,a
0,,n,k,y
1,,c,n,v
0,,n,k,v
0,,n,k,v
0,,n,k,v
0,,n,k,v
0,,n,k,v
0,,n,n,y
0,,n,k,v
0,,n,n,y
0,,n,n,y
0,,n,n,v
1,,f,h,y
0,,n,n,y
0,,n,k,v
0,,n,k,y
0,,n,k,y
0,,n,k,y
0,,n,n,y
0,,n,n,y
0,,n,n,y
0,,n,n,v
0,,n,k,v
0,,n,k,y
0,,n,n,v
0,,n,n,y
0,,n,k,y
0,,n,k,y
0,,n,n,v
0,,n,k,y
0,,n,n,v
0,,n,k,y
0,,n,k,y
0,,n,k,y
0,,n,n,y
1,,f,h,y
0,,n,k,v
0,,n,n,y
0,,n,n,v
0,,n,n,v
0,,n,k,y
0,,n,k,y
0,,n,k,v
0,,n,k,v
0,,n,k,v
0,,n,n,v
1,,f,h,v
0,,n,n,y
0,,n,k,y
0,,n,n,v
0,,n,n,v
0,,n,n,y
0,,n,n,v
0,,n,k,v
0,,n,n,y
0,,n,k,y
0,,n,k,v
0,,n,n,v
0,,n,n,v
0,,n,k,y
0,,n,n,v
0,,n,k,y
0,,n,n,y
0,,n,n,y
0,,n,n,v
0,,n,k,y
0,,n,k,y
0,,n,n,y
0,,n,k,v
0,,n,k,v
0,,n,n,y
0,,n,n,y
0,,n,n,y
0,,n,k,y
0,,n,n,v
0,,n,n,s
0,,n,k,v
0,,n,n,y
0,,n,n,y
0,,n,k,y
0,,n,k,v
0,,n,k,v
0,,n,n,y
0,,n,n,y
0,,n,k,y
0,,n,k,v
0,,n,n,y
0,,n,k,y
0,,n,n,v
0,,n,n,v
0,,n,n,v
0,,n,n,v
0,,n,n,v
0,,n,k,y
0,,n,k,y
0,,n,k,y
0,,n,k,v
0,,n,n,y
0,,n,k,v
1,,f,h,v
0,,n,k,v
0,,n,n,y
0,,n,n,y
0,,n,k,v
0,,n,k,v
0,,n,k,y
0,,n,k,y
0,,n,k,v
0,,n,n,v
0,,n,k,v
1,,f,h,v
0,,n,n,y
1,,f,h,y
1,,c,k,s
0,,n,n,y
0,,n,n,v
0,,n,k,y
0,,n,k,y
1,,f,h,y
0,,n,n,v
0,,n,k,y
0,,n,n,y
1,,c,n,s
0,,n,n,y
0,,n,k,v
1,,f,h,v
1,,f,h,y
0,,n,n,v
0,,n,k,v
0,,n,k,v
0,,n,k,v
0,,n,n,y
0,,n,n,v
0,,n,n,y
0,,n,k,v
1,,c,k,s
1,,f,h,y
0,,n,n,y
0,,n,k,v
0,,n,k,v
0,,n,n,y
0,,n,k,y
0,,n,n,v
1,,f,h,v
0,,n,n,y
0,,n,n,v
1,,c,n,s
0,,n,k,y
0,,n,k,v
1,,f,h,v
1,,f,h,v
0,,n,k,v
0,,n,k,v
0,,n,n,v
0,,n,n,v
0,,n,k,v
1,,c,n,v
0,,n,k,y
0,,n,k,v
0,,n,k,y
0,,n,k,v
1,,c,k,v
0,,n,n,v
0,,n,n,y
0,,n,n,v
0,,n,k,v
1,,c,n,s
1,,c,k,s
0,,n,k,y
1,,f,h,y
1,,c,k,v
1,,f,h,v
0,,n,n,v
1,,f,h,y
0,,n,n,v
0,,n,k,y
0,,n,k,y
1,,c,n,s
1,,f,h,v
0,,n,k,v
0,,n,k,y
0,,n,k,y
1,,f,h,v
0,,n,n,y
1,,f,h,y
0,,n,n,y
0,,n,k,v
1,,f,h,v
0,,n,k,v
0,,n,n,y
0,,n,n,y
1,,f,h,v
0,,n,n,v
0,,n,k,v
1,,f,h,v
0,,n,k,y
1,,f,h,y
0,,n,n,y
1,,f,h,y
1,,f,h,y
1,,f,h,y
0,,n,n,y
1,,f,h,v
0,,n,n,v
1,,c,n,v
0,,n,k,v
1,,c,n,s
0,,n,n,y
0,,n,n,y
0,,n,k,y
0,,n,k,y
1,,f,h,y
1,,f,h,y
1,,c,k,s
0,,n,k,v
0,,n,k,y
0,,n,k,v
0,,n,k,y
1,,f,h,v
1,,c,k,v
0,,n,k,y
0,,n,n,v
0,,n,k,v
0,,n,n,v
0,,n,k,y
0,,n,k,y
0,,n,k,v
1,,c,k,v
1,,c,n,v
0,,n,k,y
0,,n,n,y
1,,f,h,y
0,,n,k,v
1,,c,k,s
0,,n,n,y
0,,n,k,y
0,,n,n,v
0,,n,n,v
0,,n,n,y
0,,n,k,v
0,,n,n,y
0,,n,k,y
0,,n,n,v
0,,n,k,y
0,,n,k,y
0,,n,k,v
0,,n,n,v
1,,f,h,v
0,,n,n,y
0,,n,k,v
1,,f,h,y
0,,n,k,y
0,,n,k,y
0,,n,n,y
0,,n,n,y
0,,n,k,v
1,,c,n,s
1,,c,n,s
0,,n,k,v
0,,n,k,y
0,,n,n,y
1,,f,h,y
0,,n,n,v
0,,n,k,y
0,,n,k,y
1,,c,n,s
0,,n,k,v
0,,n,k,v
1,,f,h,y
0,,n,k,y
1,,f,h,v
1,,c,k,s
0,,n,k,v
1,,f,h,v
1,,c,n,s
1,,f,h,v
0,,n,n,v
1,,f,h,v
1,,c,n,s
0,,n,n,y
0,,n,k,v
0,,n,n,y
1,,f,h,v
1,,c,k,v
0,,n,n,v
0,,n,k,y
0,,n,k,y
0,,n,k,v
1,,f,h,v
0,,n,n,v
1,,c,k,v
1,,c,k,s
0,,n,n,y
0,,n,n,y
0,,n,k,v
0,,n,k,v
1,,f,h,v
1,,f,h,y
0,,n,k,y
1,,f,h,v
1,,c,k,s
0,,n,n,y
1,,f,h,v
0,,n,k,y
0,,n,n,v
0,,n,k,y
0,,n,k,v
0,,n,n,v
1,,f,h,v
0,,n,n,y
1,,f,h,y
0,,n,n,y
0,,n,k,v
0,,n,n,y
1,,f,h,y
0,,n,k,v
0,,n,k,y
1,,f,h,v
1,,c,n,s
0,,n,k,v
1,,f,h,v
0,,n,n,y
0,,n,n,v
0,,n,k,v
0,,n,n,v
0,,n,k,v
0,,n,n,v
1,,c,k,v
0,,n,n,y
0,,n,n,y
0,,n,n,y
0,,n,n,y
0,,n,k,y
0,,n,n,v
0,,n,n,y
1,,f,h,y
1,,c,k,v
0,,n,k,v
0,,n,k,v
0,,n,n,v
1,,f,h,y
1,,c,n,s
1,,f,h,y
0,,n,k,y
1,,f,h,v
0,,n,n,y
0,,n,n,y
0,,n,k,v
1,,f,h,v
0,,n,k,y
0,,n,k,v
1,,c,k,s
1,,f,h,y
0,,n,k,y
1,,f,h,y
1,,f,h,y
0,,n,n,v
1,,f,h,y
0,,n,n,y
0,,n,k,y
0,,n,n,v
0,,n,k,y
1,,c,n,s
0,,n,k,v
0,,n,n,v
0,,n,n,v
0,,n,k,v
1,,c,n,v
1,,f,h,y
0,,n,k,y
0,,n,k,y
1,,c,n,v
0,,n,n,y
1,,f,h,y
1,,f,h,y
0,,n,n,y
0,,n,n,v
1,,c,n,v
1,,f,h,v
1,,c,n,s
0,,n,k,v
0,,n,k,v
0,,n,n,y
1,,f,h,y
0,,n,k,y
1,,c,k,v
1,,f,h,v
0,,n,n,y
0,,n,n,y
1,,f,h,v
1,,f,h,v
1,,c,k,v
0,,n,k,v
1,,f,h,v
0,,n,n,y
0,,n,n,v
0,,n,n,y
0,,n,n,y
0,,n,k,y
0,,n,k,y
0,,n,n,y
1,,c,k,s
0,,n,n,v
0,,n,k,v
1,,c,n,s
0,,n,k,y
0,,n,k,v
1,,f,h,v
0,,n,n,v
1,,f,h,y
0,,n,n,y
0,,n,n,y
0,,n,n,v
1,,f,h,v
0,,n,n,v
1,,c,k,s
0,,n,n,y
0,,n,k,y
0,,n,n,y
0,,n,n,v
0,,n,n,y
0,,n,n,v
1,,f,h,y
0,,n,k,y
0,,n,n,v
0,,n,n,y
0,,n,n,v
0,,n,k,y
0,,n,k,y
0,,n,n,v
0,,n,k,v
1,,c,n,s
1,,f,h,v
0,,n,n,v
0,,n,n,v
1,,c,k,s
1,,c,n,v
1,,f,h,y
0,,n,k,v
0,,n,k,v
1,,c,k,s
0,,n,n,y
0,,n,k,y
1,,f,h,v
0,,n,k,v
0,,n,k,y
1,,c,k,v
0,,n,n,y
1,,f,h,v
0,,n,k,y
1,,f,h,y
0,,n,k,v
0,,n,k,y
0,,n,n,v
0,,n,k,v
1,,c,k,v
0,,n,n,y
0,,n,k,v
1,,f,h,y
0,,n,n,v
1,,c,n,s
1,,f,h,v
0,,n,k,v
0,,n,n,v
0,,n,k,v
0,,n,n,y
1,,c,k,v
1,,f,h,v
1,,c,n,v
0,,n,n,v
0,,n,n,v
1,,f,h,y
1,,f,h,y
0,,n,n,y
1,,c,n,s
1,,c,k,s
0,,n,k,v
0,,n,n,y
0,,n,k,y
0,,n,k,v
1,,c,n,v
1,,f,h,y
0,,n,k,v
0,,n,n,v
0,,n,k,v
0,,n,n,y
0,,n,n,y
0,,n,k,v
1,,f,h,v
0,,n,k,y
1,,c,n,s
0,,n,n,y
0,,n,k,y
0,,n,n,v
0,,n,k,v
0,,n,k,v
0,,n,n,v
1,,c,n,v
1,,f,h,y
1,,c,k,v
0,,n,n,y
0,,n,n,v
1,,c,n,s
0,,n,k,y
1,,c,k,v
0,,n,n,y
1,,c,k,s
0,,n,n,v
1,,f,h,y
1,,c,k,s
0,,n,n,y
1,,f,h,y
1,,c,k,v
0,,n,k,y
1,,c,n,s
0,,n,n,v
0,,n,k,y
0,,n,n,y
0,,n,k,v
0,,n,n,y
1,,c,n,s
0,,n,k,v
0,,n,n,v
0,,n,n,y
0,,n,n,y
0,,n,k,v
1,,f,h,y
1,,c,n,s
0,,n,k,y
0,,n,n,y
1,,c,k,v
0,,n,k,y
0,,n,k,y
0,,n,k,v
1,,f,h,v
1,,c,k,v
0,,n,n,y
0,,n,n,y
0,,n,k,y
0,,n,n,v
0,,n,k,v
1,,f,h,v
0,,n,k,y
0,,n,n,v
1,,c,n,v
0,,n,n,v
1,,f,h,y
0,,n,k,y
1,,f,h,v
0,,n,k,v
1,,c,n,s
0,,n,n,v
1,,c,n,v
1,,c,n,s
0,,n,n,v
1,,c,n,v
1,,f,h,y
0,,n,n,v
0,,n,k,y
0,,n,k,y
1,,f,h,y
1,,c,n,v
1,,f,h,v
1,,c,n,s
0,,n,k,y
0,,n,k,y
1,,c,k,s
0,,n,k,y
0,,n,k,v
0,,n,k,y
0,,n,k,y
0,,n,k,y
1,,c,k,s
0,,n,n,y
1,,f,h,y
0,,n,n,v
0,,n,n,v
1,,c,n,v
1,,c,n,v
0,,n,n,y
0,,n,k,v
0,,n,k,y
1,,f,h,v
0,,n,k,v
0,,n,k,y
0,,n,n,y
1,,c,k,s
0,,n,n,v
1,,f,h,v
0,,n,k,v
0,,n,k,v
0,,n,k,y
1,,c,n,v
1,,c,n,s
0,,n,k,v
0,,n,k,v
0,,n,k,y
1,,f,h,v
0,,n,k,y
1,,f,h,y
0,,n,n,y
1,,f,h,v
0,,n,n,v
0,,n,k,y
0,,n,n,v
1,,f,h,y
0,,n,k,y
0,,n,n,v
0,,n,n,v
1,,c,k,s
0,,n,k,y
0,,n,k,y
0,,n,n,y
0,,n,k,v
0,,n,k,v
1,,f,h,v
0,,n,k,v
1,,f,h,y
0,,n,k,v
0,,n,n,y
1,,f,h,v
0,,n,n,y
1,,f,h,v
0,,n,k,y
1,,c,n,v
0,,n,k,v
0,,n,k,y
0,,n,k,v
0,,n,k,v
0,,n,n,v
1,,c,k,s
1,,f,h,v
0,,n,n,v
0,,n,n,y
1,,c,n,v
0,,n,n,y
0,,n,k,v
0,,n,k,y
0,,n,k,y
0,,n,n,y
1,,c,n,v
0,,n,k,y
1,,f,h,v
0,,n,k,v
0,,n,k,v
1,,c,k,s
0,,n,n,y
0,,n,n,v
1,,f,h,y
0,,n,n,y
0,,n,n,v
0,,n,k,v
1,,c,n,s
1,,f,h,v
0,,n,k,v
0,,n,k,v
1,,c,n,v
0,,n,n,y
0,,n,k,y
0,,n,k,v
0,,n,n,v
0,,n,n,y
0,,n,n,y
1,,c,k,v
0,,n,k,v
1,,f,h,y
1,,c,n,v
0,,n,k,v
1,,f,h,v
1,,c,k,s
0,,n,k,y
0,,n,k,v
0,,n,n,v
0,,n,n,y
1,,f,h,v
0,,n,n,y
1,,f,h,v
0,,n,n,v
0,,n,n,y
1,,f,h,y
0,,n,k,v
1,,f,h,y
0,,n,n,v
0,,n,n,v
0,,n,k,v
0,,n,n,v
0,,n,k,y
0,,n,n,v
0,,n,n,v
0,,n,n,v
1,,f,h,v
0,,n,k,y
1,,c,k,v
0,,n,n,v
0,,n,k,v
0,,n,k,y
0,,n,k,y
0,,n,n,v
0,,n,n,v
1,,c,k,s
0,,n,n,y
0,,n,k,v
0,,n,k,y
1,,f,h,y
0,,n,n,v
0,,n,k,y
1,,f,h,y
0,,n,k,y
1,,f,h,v
0,,n,k,y
0,,n,k,y
0,,n,k,y
0,,n,k,v
1,,f,h,v
1,,c,k,v
1,,f,h,v
1,,f,h,v
1,,f,h,y
0,,n,k,v
1,,f,h,v
0,,n,k,v
0,,n,n,v
0,,n,k,y
1,,f,h,y
0,,n,k,y
1,,c,n,s
0,,n,n,y
0,,n,k,y
0,,n,k,v
0,,n,n,y
1,,f,h,y
1,,f,h,v
0,,n,k,v
0,,n,n,v
1,,f,h,v
0,,n,n,y
1,,c,n,s
0,,n,n,v
0,,n,k,y
1,,f,h,y
0,,n,k,y
1,,c,k,s
1,,f,h,v
0,,n,n,v
1,,f,h,v
0,,n,k,v
0,,n,n,y
0,,n,n,y
0,,n,n,y
0,,n,n,y
0,,n,k,y
0,,n,k,y
0,,n,k,y
1,,f,h,y
0,,n,k,y
0,,n,n,v
1,,f,h,y
1,,f,h,v
1,,f,h,y
0,,n,n,y
0,,n,k,v
1,,f,h,y
1,,f,h,v
1,,f,h,v
0,,n,n,v
1,,c,n,s
0,,n,n,v
1,,f,h,y
0,,n,n,v
0,,n,k,y
1,,f,h,y
0,,n,k,y
1,,c,n,v
0,,n,k,v
0,,n,n,v
0,,n,n,y
1,,f,h,v
0,,n,n,v
0,,n,n,y
1,,c,k,s
0,,n,k,v
0,,n,k,y
0,,n,n,y
0,,n,n,v
1,,f,h,v
0,,n,n,y
0,,n,k,v
0,,n,k,y
1,,c,k,s
0,,n,k,y
0,,n,k,v
0,,n,k,y
1,,c,k,s
1,,f,h,v
0,,n,n,v
1,,f,h,v
1,,c,n,s
0,,n,k,y
0,,n,n,v
0,,n,n,v
0,,n,n,v
1,,c,n,v
0,,n,n,v
1,,f,h,v
0,,n,n,y
0,,n,n,v
1,,c,k,v
0,,n,n,y
1,,c,n,v
0,,n,n,y
1,,f,h,y
0,,n,k,y
1,,c,n,s
1,,f,h,v
0,,n,n,y
0,,n,k,y
1,,c,n,s
1,,f,h,v
0,,n,n,y
1,,f,h,v
0,,n,k,v
0,,n,k,v
1,,f,h,y
0,,n,k,y
0,,n,k,v
0,,n,n,y
0,,n,k,v
1,,f,h,v
0,,n,n,v
0,,n,k,y
0,,n,n,v
0,,n,n,y
0,,n,k,v
1,,f,h,v
1,,c,n,v
1,,f,h,v
0,,n,n,v
0,,n,k,y
0,,n,n,y
0,,n,n,y
0,,n,n,v
0,,n,k,y
0,,n,k,v
1,,f,h,y
0,,n,n,y
0,,n,n,y
1,,f,h,v
1,,c,k,s
1,,c,k,v
0,,n,n,y
1,,f,h,v
1,,c,n,v
0,,n,n,v
0,,n,n,y
0,,n,k,v
1,,f,h,v
0,,n,n,v
0,,n,n,v
0,,n,n,v
1,,f,h,v
1,,c,n,v
0,,n,k,v
1,,c,n,s
1,,c,n,v
1,,f,h,y
0,,n,n,v
0,,n,k,v
1,,f,h,y
0,,n,k,y
0,,n,n,v
0,,n,n,v
0,,n,n,y
0,,n,k,v
0,,n,k,y
0,,n,k,v
0,,n,n,v
0,,n,n,y
0,,n,n,y
0,,n,k,y
0,,n,n,y
0,,n,n,y
0,,n,n,v
0,,n,k,y
0,,n,k,y
1,,f,h,y
0,,n,n,y
0,,n,k,y
0,,n,n,v
0,,n,k,y
0,,n,n,y
1,,f,h,v
0,,n,n,v
1,,f,h,v
0,,n,n,y
0,,n,n,v
0,,n,k,y
1,,f,h,v
0,,n,n,v
0,,n,n,y
1,,f,h,v
0,,n,k,v
1,,c,k,s
0,,n,n,y
1,,c,k,s
0,,n,k,v
1,,c,n,v
0,,n,n,y
0,,n,n,v
0,,n,k,y
0,,n,n,y
1,,c,k,s
0,,n,k,y
0,,n,k,v
1,,c,k,v
0,,n,k,y
1,,c,n,v
0,,n,k,y
1,,f,h,y
0,,n,n,y
1,,f,h,y
0,,n,k,v
0,,n,n,v
0,,n,k,v
1,,c,k,s
1,,f,h,y
0,,n,n,v
0,,n,k,v
0,,n,k,v
0,,n,n,y
0,,n,k,v
0,,n,n,y
1,,f,h,y
0,,n,n,y
0,,n,k,y
0,,n,k,y
1,,c,k,v
0,,n,k,y
0,,n,n,y
1,,f,h,y
0,,n,n,y
1,,c,k,v
0,,n,k,v
1,,c,k,s
1,,f,h,v
1,,f,h,y
0,,n,n,v
0,,n,n,v
0,,n,n,y
0,,n,k,y
1,,f,h,v
0,,n,n,y
0,,n,k,y
1,,f,h,v
0,,n,k,y
1,,c,n,s
0,,n,k,y
0,,n,n,y
0,,n,n,y
0,,n,k,y
0,,n,n,y
0,,n,k,y
1,,c,k,s
0,,n,n,v
1,,f,h,y
0,,n,k,v
0,,n,n,v
0,,n,n,v
1,,c,n,v
1,,c,n,v
0,,n,n,v
0,,n,k,v
0,,n,k,v
0,,n,n,y
1,,f,h,v
1,,c,k,v
0,,n,k,y
0,,n,k,v
1,,c,k,v
1,,c,k,s
0,,n,k,v
1,,f,h,v
1,,c,n,v
1,,f,h,v
1,,c,n,v
0,,n,k,v
1,,c,k,s
0,,n,n,v
1,,c,k,v
1,,c,k,s
0,,n,k,y
1,,c,k,s
1,,c,k,v
0,,n,n,y
0,,n,n,y
1,,c,n,s
0,,n,k,v
1,,c,n,s
0,,n,k,v
1,,f,h,v
1,,f,h,y
0,,n,k,v
1,,f,h,v
0,,n,n,v
1,,f,h,y
1,,f,h,y
0,,n,k,v
0,,n,k,v
1,,c,n,v
0,,n,n,y
1,,f,h,y
1,,f,h,v
1,,f,h,y
1,,f,h,v
1,,c,n,v
1,,f,h,y
1,,f,h,v
1,,f,h,v
1,,f,h,v
1,,f,h,y
0,,n,k,y
1,,f,h,y
1,,f,h,y
1,,f,h,y
0,,n,k,y
0,,n,n,v
0,,n,n,v
1,,f,h,v
1,,f,h,v
1,,f,h,v
0,,n,k,y
1,,f,h,v
0,,n,k,v
0,,n,k,v
0,,n,n,v
1,,f,h,y
1,,f,h,y
1,,f,h,y
0,,n,n,v
1,,f,h,y
1,,f,h,y
1,,f,h,v
1,,f,h,v
1,,f,h,y
1,,f,h,v
1,,c,n,s
1,,f,h,v
0,,n,k,v
0,,n,k,y
1,,c,n,v
1,,f,h,v
1,,f,h,v
0,,n,k,y
0,,n,n,y
1,,f,h,v
0,,n,n,v
1,,f,h,v
1,,f,h,y
0,,n,n,v
1,,f,h,v
1,,f,h,y
1,,f,h,v
1,,f,h,y
1,,c,n,s
1,,c,k,s
1,,f,h,v
1,,f,h,y
1,,f,h,v
0,,n,n,v
1,,f,h,v
1,,f,h,y
0,,n,k,v
1,,f,h,y
1,,f,h,y
1,,f,h,v
1,,f,h,y
1,,f,h,y
1,,f,h,y
1,,f,h,y
1,,c,k,v
1,,f,h,v
1,,f,h,y
0,,n,n,v
0,,n,k,v
1,,f,h,y
1,,c,n,s
1,,f,h,v
1,,f,h,v
1,,c,k,v
0,,n,n,v
1,,f,h,v
1,,c,k,v
1,,f,h,v
1,,f,h,v
0,,n,w,c
1,,f,h,y
1,,f,h,y
1,,f,h,y
1,,f,h,y
0,,n,n,y
1,,f,h,v
1,,f,h,v
1,,f,h,y
1,,c,n,s
1,,c,n,v
1,,f,h,v
1,,f,h,s
1,,f,h,v
0,,n,k,y
1,,f,h,v
0,,n,k,v
1,,f,h,y
0,,n,k,v
0,,n,k,y
1,,f,h,y
1,,f,h,y
0,,n,n,v
1,,f,h,v
0,,n,k,y
0,,n,k,y
0,,n,n,v
1,,f,h,y
0,,n,k,v
1,,f,h,v
1,,f,h,v
1,,f,h,v
1,,f,h,v
1,,f,h,v
0,,n,n,v
0,,n,n,v
1,,f,h,v
1,,f,h,y
1,,f,h,y
1,,y,w,v
1,,f,h,y
1,,f,h,v
1,,c,n,v
1,,f,h,v
1,,f,h,s
1,,f,h,v
1,,f,h,y
1,,c,k,s
1,,f,h,v
0,,n,k,v
1,,f,h,y
1,,f,h,v
1,,f,h,v
1,,f,h,v
1,,f,h,y
0,,n,k,v
1,,f,h,y
0,,n,n,y
1,,f,h,v
1,,f,h,y
1,,f,h,v
1,,c,k,v
1,,f,h,y
0,,n,k,v
1,,c,k,s
1,,f,h,v
1,,f,h,y
1,,c,n,v
1,,f,h,y
1,,f,h,v
0,,n,k,v
1,,f,h,v
1,,f,h,v
1,,c,n,s
1,,c,k,v
0,,n,n,v
1,,f,h,v
0,,n,n,y
0,,n,k,y
1,,f,h,y
1,,f,h,y
1,,f,h,v
1,,f,h,y
1,,f,h,y
0,,n,n,y
1,,f,h,v
1,,f,h,v
1,,f,h,v
1,,f,h,y
0,,n,n,v
0,,n,n,v
1,,f,h,y
0,,n,h,y
0,,n,n,y
1,,f,h,v
1,,f,h,v
1,,f,h,y
1,,f,h,y
1,,f,h,v
1,,f,h,y
1,,f,h,v
1,,f,h,v
1,,f,h,y
0,,n,n,v
1,,f,h,y
0,,n,n,v
1,,f,h,v
1,,f,h,v
0,,n,n,y
0,,n,k,y
1,,f,h,v
0,,n,k,v
0,,n,n,y
1,,f,h,v
1,,c,k,v
1,,f,h,y
1,,y,w,v
1,,f,h,v
1,,f,h,y
0,,n,n,y
1,,f,w,v
0,,n,n,v
1,,n,r,v
0,,n,k,y
1,,f,h,v
0,,n,k,y
1,,f,h,y
1,,f,h,y
1,,f,h,v
0,,n,n,v
1,,f,h,y
1,,f,h,v
1,,f,h,v
1,,f,h,y
1,,f,h,v
1,,f,h,v
1,,f,h,v
0,,n,k,v
1,,f,h,v
1,,f,h,v
0,,n,k,v
1,,f,h,v
1,,f,h,v
0,,n,k,y
1,,f,h,y
0,,n,k,y
1,,f,h,v
1,,f,h,v
1,,f,h,v
1,,c,k,s
0,,n,k,v
1,,f,h,y
1,,f,h,y
1,,f,h,v
0,,n,k,v
1,,f,h,y
1,,f,h,y
0,,n,n,v
0,,n,k,v
1,,f,h,v
1,,f,h,y
1,,f,h,v
1,,f,h,v
1,,f,h,v
1,,f,h,v
1,,f,h,v
0,,n,n,y
1,,f,h,v
1,,f,h,v
1,,f,h,y
0,,n,n,v
0,,n,n,v
0,,n,n,y
1,,f,h,v
1,,f,h,y
0,,n,k,y
1,,f,h,y
0,,n,n,v
1,,f,h,v
1,,f,h,v
1,,f,h,v
0,,n,w,v
1,,f,h,v
1,,f,h,y
1,,f,h,v
1,,f,h,y
1,,f,h,s
1,,f,h,v
1,,f,h,v
1,,f,h,y
1,,f,h,v
1,,f,h,y
0,,n,k,y
1,,f,h,y
1,,f,h,y
0,,n,k,y
1,,f,h,v
1,,f,h,y
1,,f,h,y
0,,n,k,y
1,,f,h,v
1,,f,h,y
0,,n,n,y
0,,n,n,v
1,,f,h,v
1,,f,h,v
1,,f,h,v
1,,f,h,v
1,,f,h,y
1,,f,h,y
1,,f,h,s
0,,n,n,y
1,,y,w,v
0,,n,n,v
1,,c,k,v
1,,c,n,v
1,,y,w,v
1,,f,h,y
1,,f,h,v
1,,f,h,s
1,,f,h,y
1,,f,h,y
1,,f,h,y
1,,f,h,y
1,,f,h,y
1,,f,h,y
1,,f,h,y
1,,f,h,y
1,,f,h,v
1,,f,h,v
1,,f,h,y
1,,f,h,v
1,,f,h,v
1,,f,h,y
1,,f,h,y
1,,f,h,y
1,,f,h,y
1,,f,h,v
1,,f,h,v
1,,f,h,y
0,,n,n,v
1,,f,h,v
1,,f,h,y
1,,f,h,v
1,,f,h,v
1,,f,h,v
1,,f,h,y
1,,f,h,y
1,,f,h,s
1,,f,h,v
1,,f,h,v
1,,f,h,y
1,,f,h,y
1,,f,h,v
1,,f,h,v
1,,f,h,y
1,,f,h,y
1,,f,h,v
1,,f,h,y
1,,f,h,v
1,,f,h,v
1,,f,h,s
1,,f,h,y
1,,f,h,s
1,,f,h,v
1,,f,h,v
1,,f,h,y
1,,f,h,y
1,,f,h,v
0,,n,n,y
1,,f,h,y
1,,f,h,y
1,,f,h,v
1,,f,h,v
1,,f,h,y
1,,f,h,v
1,,f,h,y
1,,f,h,y
1,,c,k,s
1,,f,h,y
1,,f,h,y
1,,f,h,y
1,,f,h,v
1,,f,h,v
1,,f,h,v
1,,f,h,y
1,,f,h,v
1,,f,h,y
1,,f,h,v
1,,f,h,y
1,,f,h,v
1,,f,h,y
0,,n,w,v
1,,f,h,y
1,,f,h,y
1,,f,h,y
1,,f,h,v
1,,f,h,y
1,,f,h,v
0,,n,w,c
1,,f,h,v
1,,f,h,y
1,,f,h,y
1,,f,h,y
1,,f,h,v
1,,f,h,y
1,,f,h,v
0,,n,w,c
1,,f,h,v
1,,f,h,v
1,,f,h,y
1,,f,h,v
1,,f,h,y
1,,f,h,y
1,,f,h,y
1,,f,h,y
1,,f,h,y
1,,f,h,v
1,,f,h,v
1,,f,h,y
1,,f,h,y
0,,n,n,y
1,,f,h,y
1,,f,h,v
1,,f,h,v
1,,f,h,v
1,,f,h,y
1,,f,h,y
1,,f,h,y
1,,f,h,v
1,,f,h,y
1,,f,h,v
1,,f,h,v
1,,f,h,v
1,,f,h,y
1,,f,h,y
1,,f,h,v
1,,f,h,y
1,,f,h,y
1,,f,h,y
1,,f,h,y
1,,f,h,v
0,,n,h,v
1,,f,h,y
1,,f,h,y
1,,s,w,v
1,,f,h,v
1,,n,w,v
1,,f,h,y
1,,f,h,v
1,,f,h,y
1,,f,h,y
1,,f,h,v
1,,f,h,v
1,,f,h,v
1,,f,h,y
1,,f,h,y
0,,n,k,y
1,,f,h,y
1,,f,h,v
1,,f,h,v
1,,f,h,v
1,,f,h,y
1,,f,h,v
1,,f,h,y
1,,f,h,s
1,,f,h,v
1,,f,h,v
1,,f,h,v
1,,f,h,y
1,,f,h,v
1,,f,h,y
1,,f,h,v
0,,n,w,c
1,,f,h,v
1,,f,h,y
1,,f,h,y
1,,f,h,y
1,,f,h,v
1,,f,h,y
1,,n,w,c
1,,f,h,v
1,,f,h,y
1,,f,h,y
1,,f,h,v
1,,f,h,v
1,,f,h,y
1,,f,h,v
1,,f,h,v
1,,f,h,y
1,,f,h,s
0,,n,n,v
1,,y,w,v
1,,f,h,y
1,,f,h,y
0,,n,k,v
0,,n,w,c
1,,f,h,y
1,,f,h,y
1,,f,h,v
1,,f,h,y
1,,f,h,y
1,,f,h,y
1,,f,h,y
1,,f,h,v
1,,f,h,v
1,,f,h,y
1,,f,h,y
1,,f,h,y
1,,f,h,y
1,,f,h,v
1,,f,h,y
0,,n,h,y
1,,f,h,v
1,,f,h,v
1,,f,h,y
1,,f,h,v
1,,f,h,v
1,,f,h,v
1,,f,h,y
1,,f,h,v
1,,f,h,y
1,,f,h,v
1,,f,h,v
1,,f,h,y
1,,f,h,y
0,,n,n,y
1,,f,h,v
1,,f,h,v
1,,f,h,v
1,,f,h,y
1,,f,h,y
1,,f,h,v
0,,n,k,v
1,,f,h,y
0,,n,w,c
1,,f,h,y
1,,f,h,y
1,,f,h,y
1,,f,h,v
0,,n,k,y
1,,f,h,v
1,,f,h,v
1,,f,h,v
1,,f,h,v
1,,y,w,v
1,,f,h,v
1,,f,h,v
1,,f,h,v
1,,f,h,v
1,,f,h,v
1,,f,h,v
1,,f,h,v
1,,f,h,v
1,,c,k,v
1,,f,h,y
1,,f,h,s
1,,f,h,v
1,,f,h,y
1,,f,h,y
0,,n,k,y
1,,f,h,y
1,,f,h,v
1,,f,h,y
1,,f,h,y
1,,f,h,y
1,,f,h,y
0,,n,n,v
1,,f,h,y
1,,f,h,v
1,,f,h,v
1,,f,h,y
1,,f,h,y
1,,f,h,y
1,,f,h,y
0,,n,w,c
1,,f,h,y
1,,s,w,v
1,,f,h,y
1,,f,h,y
1,,f,h,v
1,,f,h,v
1,,f,h,y
1,,f,h,y
1,,f,h,y
1,,f,h,v
1,,f,h,v
1,,f,h,y
1,,f,h,y
1,,f,h,v
1,,f,h,v
1,,f,h,y
1,,f,h,v
1,,f,h,y
1,,f,h,y
1,,f,h,v
0,,n,k,y
1,,f,h,v
1,,f,h,v
1,,f,h,v
1,,f,h,v
1,,f,h,y
1,,f,h,v
1,,f,h,v
1,,f,h,v
1,,f,h,y
1,,f,h,y
0,,n,w,v
1,,f,h,v
1,,f,h,y
1,,n,w,v
1,,f,h,y
1,,f,h,v
0,,n,w,c
1,,y,w,v
1,,c,k,v
1,,f,h,y
1,,f,h,v
1,,f,h,y
1,,f,h,v
1,,f,h,v
1,,f,h,y
1,,f,h,y
1,,f,h,y
1,,f,h,y
1,,f,h,v
1,,f,h,v
1,,f,h,y
1,,f,h,y
1,,f,h,y
1,,f,h,v
1,,f,h,v
1,,f,h,v
1,,f,h,v
1,,f,h,v
0,,n,w,c
1,,f,h,v
1,,f,h,v
1,,s,w,v
1,,f,h,y
1,,f,h,v
1,,f,h,y
1,,f,h,y
1,,f,h,v
1,,f,h,v
1,,f,h,y
1,,f,h,v
1,,f,h,y
1,,f,h,y
0,,n,h,v
0,,n,w,c
1,,f,h,y
1,,f,h,y
1,,f,h,v
1,,f,h,y
1,,f,h,v
1,,f,h,y
1,,f,h,v
1,,f,h,y
1,,f,h,v
1,,f,h,v
1,,f,h,v
1,,f,h,y
1,,f,h,v
1,,f,h,v
1,,n,r,v
1,,f,h,y
1,,f,h,v
1,,f,h,v
1,,f,h,v
1,,f,h,v
1,,f,h,y
0,,n,n,v
0,,n,h,v
1,,f,h,y
1,,f,h,v
1,,f,h,v
1,,f,h,v
1,,f,h,y
1,,f,h,v
1,,f,h,y
1,,f,h,v
1,,f,h,y
1,,f,h,y
1,,f,h,v
1,,f,h,y
0,,n,n,v
1,,f,h,y
1,,f,h,v
1,,f,h,y
1,,f,h,v
1,,f,h,y
1,,f,h,y
1,,f,h,v
1,,f,h,y
1,,f,h,v
1,,f,h,y
1,,f,h,v
1,,f,h,y
1,,c,n,v
1,,f,h,y
1,,f,h,v
1,,f,h,v
1,,f,h,v
1,,f,h,v
1,,f,h,v
1,,f,h,y
1,,f,h,v
1,,f,h,v
1,,f,h,y
1,,f,h,v
1,,f,h,v
1,,f,h,y
1,,f,h,y
1,,f,h,v
1,,f,h,y
1,,f,h,y
1,,f,h,v
1,,f,h,v
1,,f,h,y
1,,f,h,v
1,,f,h,y
1,,f,h,v
1,,f,h,y
1,,f,h,v
1,,f,h,v
1,,y,w,v
0,,n,w,c
1,,f,h,v
1,,f,h,y
1,,f,h,y
1,,f,h,y
1,,f,h,v
1,,f,h,y
1,,f,h,v
1,,f,h,v
1,,f,h,y
1,,f,h,y
1,,f,h,v
1,,f,h,y
1,,f,h,y
1,,f,h,v
1,,f,h,v
1,,f,h,v
1,,c,k,s
1,,f,h,v
0,,n,k,v
1,,f,h,v
1,,f,h,y
1,,f,h,v
0,,n,k,v
1,,f,h,y
1,,f,h,v
1,,f,h,y
1,,f,h,v
1,,f,h,y
1,,f,h,v
1,,f,h,s
1,,f,h,v
1,,f,h,v
1,,f,h,y
1,,f,h,v
1,,f,h,v
0,,n,h,v
1,,f,h,y
1,,f,h,v
1,,f,h,y
1,,f,h,y
0,,n,n,y
1,,f,h,v
1,,f,h,y
1,,f,h,y
1,,f,h,y
1,,f,h,v
1,,f,h,v
1,,f,h,v
1,,f,h,v
1,,f,h,s
0,,n,w,c
0,,n,h,y
1,,f,h,v
1,,f,h,y
1,,f,h,y
1,,f,h,y
1,,f,h,y
1,,f,h,y
1,,f,h,y
1,,f,h,y
1,,f,h,y
0,,n,w,c
1,,f,h,y
1,,f,h,y
1,,f,h,y
1,,f,h,v
1,,f,h,y
1,,f,h,y
1,,f,h,y
1,,f,h,y
1,,f,h,y
1,,f,h,y
1,,f,h,y
1,,f,h,y
1,,f,h,v
1,,f,h,v
1,,f,h,y
1,,f,h,v
1,,f,h,y
1,,f,h,v
1,,f,h,y
1,,f,h,y
1,,f,h,v
1,,f,h,v
0,,n,n,y
1,,f,h,y
1,,f,h,y
1,,f,h,s
1,,f,h,v
1,,f,h,v
1,,c,k,s
1,,f,h,y
1,,f,h,s
1,,f,h,y
1,,f,h,y
1,,f,h,y
1,,n,r,v
1,,f,h,v
1,,f,h,v
1,,f,h,y
1,,f,h,v
1,,f,h,y
1,,f,h,v
1,,f,h,y
1,,f,h,v
0,,n,h,v
1,,f,h,y
0,,n,n,v
1,,f,h,y
1,,f,h,v
1,,f,w,v
1,,f,h,y
1,,f,h,y
1,,f,h,y
1,,f,h,v
1,,f,h,y
1,,f,h,y
1,,f,h,y
1,,f,h,v
1,,f,h,y
0,,n,n,y
1,,f,h,v
0,,n,k,y
1,,f,h,y
1,,f,h,y
1,,f,h,y
1,,f,h,y
1,,f,h,v
1,,f,h,v
1,,f,h,y
1,,f,h,y
1,,f,h,v
1,,f,h,y
1,,f,h,v
1,,f,h,y
1,,f,h,y
1,,f,h,v
1,,c,k,s
1,,f,h,v
1,,f,h,v
1,,f,h,y
1,,f,h,v
1,,f,h,v
1,,f,h,y
1,,f,h,v
1,,f,h,v
1,,f,h,v
1,,f,h,y
1,,f,h,y
1,,f,h,v
1,,f,h,y
1,,f,h,v
1,,f,h,y
1,,f,h,v
1,,f,h,y
1,,f,h,y
1,,f,h,v
1,,f,h,v
1,,f,h,v
1,,f,h,y
1,,f,h,v
1,,f,h,v
1,,f,h,v
1,,f,h,y
1,,f,h,v
0,,n,w,c
1,,f,h,v
1,,c,k,v
1,,f,h,y
1,,f,h,y
1,,f,h,y
0,,n,n,y
1,,f,h,v
1,,f,h,y
1,,f,h,v
1,,f,h,y
0,,n,n,v
1,,f,h,y
1,,f,h,v
1,,f,h,v
1,,f,h,y
1,,f,h,y
1,,f,h,v
1,,f,h,v
1,,f,h,y
1,,f,h,y
1,,f,h,y
0,,n,n,y
1,,f,h,s
1,,f,w,v
1,,f,h,v
1,,f,h,y
1,,f,h,v
1,,f,h,v
0,,n,w,c
1,,f,h,v
1,,f,h,v
1,,f,h,y
1,,f,h,y
1,,f,h,y
0,,n,w,c
1,,f,h,v
1,,n,w,v
1,,f,h,v
1,,f,h,v
1,,s,w,v
1,,f,h,v
1,,f,h,y
1,,f,h,v
1,,f,h,v
1,,f,h,y
1,,f,h,y
0,,n,w,c
1,,f,h,v
1,,n,w,v
1,,f,h,v
1,,f,h,s
1,,f,h,v
1,,f,h,v
0,,n,w,c
1,,f,h,v
1,,f,h,v
0,,n,w,v
1,,c,n,v
1,,f,h,y
1,,f,h,v
1,,f,h,y
1,,f,h,v
1,,n,r,v
1,,f,h,v
0,,n,n,y
1,,n,r,v
0,,n,w,c
1,,f,h,v
0,,n,w,c
1,,f,h,y
1,,f,h,v
1,,f,h,v
1,,f,h,v
1,,f,h,v
1,,f,h,y
1,,f,h,v
1,,f,h,y
1,,f,h,y
1,,f,h,y
1,,f,h,v
0,,n,w,c
0,,n,w,c
0,,n,w,c
1,,f,h,v
0,,n,n,v
1,,f,h,y
1,,f,h,y
1,,f,h,v
1,,f,h,v
1,,f,h,y
1,,f,h,v
1,,f,w,v
1,,f,h,v
0,,n,w,c
0,,n,k,v
1,,f,h,y
1,,f,h,v
1,,f,h,y
0,,n,n,v
1,,f,h,v
1,,f,h,y
1,,f,h,v
1,,f,h,y
1,,f,h,v
1,,n,r,v
1,,f,h,y
1,,f,w,v
1,,f,h,y
1,,f,h,v
1,,f,h,y
0,,n,w,c
1,,f,h,s
1,,f,h,y
1,,f,h,v
1,,f,h,v
1,,f,h,s
1,,c,k,v
1,,f,h,y
1,,f,h,y
1,,f,h,y
0,,n,h,y
0,,n,h,v
1,,f,h,v
1,,f,h,y
1,,f,h,y
1,,y,w,v
1,,y,w,v
1,,f,h,y
1,,f,h,v
1,,f,h,y
1,,f,h,y
1,,f,h,v
1,,f,h,y
0,,n,w,c
1,,f,h,y
1,,f,h,y
1,,f,h,s
1,,f,h,v
1,,f,h,y
1,,f,h,y
1,,f,h,v
1,,f,h,y
1,,f,h,v
1,,c,k,v
1,,f,h,y
0,,n,n,y
1,,f,h,y
1,,f,h,y
0,,n,w,c
1,,f,h,v
1,,f,h,v
1,,f,h,y
0,,n,w,v
0,,n,w,c
1,,f,h,v
1,,f,h,v
1,,f,h,v
1,,f,h,y
1,,f,h,v
1,,f,h,v
1,,s,w,v
0,,n,w,c
1,,f,h,y
1,,f,h,v
1,,f,h,y
1,,f,h,v
1,,f,h,v
0,,n,w,c
1,,n,w,v
1,,f,h,y
1,,f,h,y
1,,f,h,v
1,,f,h,v
0,,n,w,c
1,,f,h,s
1,,f,h,y
1,,f,h,v
1,,f,h,v
1,,f,h,y
1,,f,h,v
1,,f,h,v
1,,f,h,y
1,,f,h,y
1,,f,h,y
1,,f,h,y
1,,f,h,s
0,,n,w,c
0,,n,w,c
0,,n,w,c
1,,n,r,v
1,,f,h,v
1,,f,h,v
1,,f,h,v
1,,f,h,y
1,,f,h,y
1,,f,h,v
1,,f,h,y
1,,f,h,v
1,,f,h,v
1,,f,h,y
1,,f,h,v
1,,f,h,y
1,,f,h,v
1,,f,h,y
1,,f,h,v
1,,f,h,y
0,,n,h,y
1,,f,h,v
1,,y,w,v
1,,f,h,v
1,,f,h,y
1,,f,h,v
1,,f,h,v
1,,f,h,y
1,,f,h,v
0,,n,w,c
1,,f,h,y
1,,f,h,v
0,,n,w,c
1,,f,h,y
1,,f,h,v
1,,f,w,v
1,,f,h,v
1,,n,w,v
1,,n,r,v
1,,f,h,v
1,,f,h,y
0,,n,h,y
1,,f,h,v
1,,f,h,y
1,,f,h,y
1,,f,h,y
0,,n,w,c
1,,f,h,v
1,,f,h,v
1,,f,h,v
1,,f,h,v
0,,n,w,c
1,,f,h,y
1,,f,h,v
1,,f,h,v
1,,f,h,v
1,,f,h,v
1,,c,n,v
1,,f,h,y
0,,n,h,v
1,,f,h,y
1,,f,h,y
1,,f,h,v
1,,f,h,v
1,,f,h,s
1,,f,h,y
1,,f,h,y
1,,f,h,y
1,,f,h,v
1,,f,h,v
1,,f,h,y
1,,f,h,y
1,,f,h,y
1,,f,h,v
1,,f,h,y
1,,f,h,y
1,,f,h,v
1,,s,w,v
1,,f,h,y
1,,f,h,v
1,,f,h,v
1,,f,h,v
1,,f,h,y
1,,f,h,y
1,,f,h,v
1,,f,h,y
1,,f,h,v
1,,y,w,v
0,,n,w,c
0,,n,w,c
1,,f,h,y
1,,f,h,y
1,,f,h,y
1,,f,h,y
1,,f,h,s
1,,f,h,v
1,,f,h,s
1,,f,h,v
1,,f,h,y
1,,f,h,s
1,,f,h,s
1,,f,h,s
1,,f,h,y
1,,f,h,y
1,,f,h,v
1,,f,h,v
0,,n,h,y
0,,n,w,c
1,,f,h,v
1,,f,h,v
1,,y,w,v
1,,f,h,v
1,,f,h,y
1,,f,h,v
1,,f,h,y
0,,n,n,y
1,,f,h,y
1,,f,h,v
1,,f,h,v
1,,f,h,y
1,,f,h,y
1,,n,w,v
1,,f,h,y
0,,n,w,v
1,,f,h,v
1,,f,h,y
1,,f,h,v
1,,f,h,v
1,,f,h,v
1,,f,h,v
1,,f,h,y
1,,f,h,v
1,,f,h,y
1,,n,r,v
0,,n,w,c
1,,f,h,v
1,,f,h,v
0,,n,w,c
1,,f,h,y
1,,f,h,s
1,,s,w,v
1,,y,w,v
1,,y,w,v
1,,n,w,c
1,,f,h,v
0,,n,w,v
1,,f,h,y
1,,f,h,v
1,,f,h,y
0,,n,w,c
1,,f,h,v
1,,f,h,s
1,,y,w,v
0,,n,w,v
1,,f,h,s
1,,f,h,v
1,,f,h,v
1,,f,h,v
0,,n,w,v
1,,f,h,v
1,,f,h,v
1,,f,h,s
1,,n,w,c
1,,f,h,s
1,,n,w,c
1,,f,h,v
1,,f,h,s
1,,n,w,v
1,,s,w,v
1,,y,w,v
0,,n,w,c
0,,n,w,c
1,,f,h,v
1,,n,r,v
1,,f,h,y
1,,f,h,y
1,,n,r,v
1,,f,w,v
1,,y,w,v
1,,f,h,y
0,,n,w,c
1,,f,w,v
1,,f,h,y
1,,y,w,v
0,,n,w,v
1,,f,w,v
0,,n,w,c
0,,n,w,c
1,,f,h,y
1,,n,r,v
1,,n,w,v
1,,y,w,v
1,,f,h,s
1,,f,h,v
1,,f,h,y
1,,f,h,v
1,,f,w,v
1,,f,h,v
1,,n,w,v
0,,n,w,c
1,,f,h,s
1,,f,h,s
0,,n,w,c
1,,f,h,y
1,,n,w,v
0,,n,w,c
1,,f,h,y
1,,f,h,v
1,,f,h,s
1,,f,h,v
1,,f,h,v
0,,n,w,c
0,,n,w,c
1,,n,r,v
0,,n,w,v
0,,n,w,c
1,,f,h,v
1,,f,h,v
1,,f,h,y
1,,f,h,v
1,,f,h,s
0,,n,w,v
1,,y,w,v
1,,f,h,y
0,,n,h,v
1,,f,h,v
1,,n,r,v
1,,f,h,v
1,,s,w,v
0,,n,w,c
1,,f,w,v
1,,f,h,v
1,,f,h,s
0,,n,w,c
1,,f,h,v
1,,f,h,v
1,,f,h,y
1,,f,h,s
1,,f,w,v
1,,f,h,v
1,,f,h,v
1,,n,w,v
0,,n,w,c
1,,f,h,v
1,,y,w,v
1,,f,h,s
0,,n,w,c
1,,f,h,v
1,,y,w,v
1,,f,h,v
1,,f,h,v
1,,n,r,v
0,,n,w,c
1,,f,h,v
1,,y,w,v
0,,n,w,c
1,,f,h,y
0,,n,w,c
1,,f,h,s
0,,n,w,c
1,,n,w,v
1,,f,h,v
1,,f,w,v
1,,f,w,v
1,,f,h,s
1,,f,w,v
0,,n,w,c
0,,n,w,v
1,,f,h,v
0,,n,w,c
1,,f,h,y
1,,f,h,v
1,,f,h,v
1,,n,w,c
0,,n,w,v
1,,n,w,v
1,,f,h,s
1,,n,w,v
1,,f,h,v
0,,n,w,c
1,,f,h,v
1,,y,w,v
1,,f,h,y
1,,f,h,v
1,,n,r,v
1,,f,h,y
1,,f,h,v
1,,f,h,v
0,,n,w,c
1,,f,h,v
1,,f,h,s
1,,n,r,v
1,,f,h,v
0,,n,w,c
1,,f,h,s
1,,n,w,v
1,,f,h,v
1,,f,h,y
1,,n,w,v
1,,f,h,s
0,,n,w,c
1,,f,w,v
1,,y,w,v
1,,y,w,v
1,,f,h,v
0,,n,w,c
1,,f,h,y
0,,n,w,c
1,,f,h,s
0,,n,w,v
1,,s,w,v
1,,f,h,v
1,,f,h,v
1,,n,w,v
1,,n,r,v
1,,f,h,y
0,,n,w,c
1,,n,w,c
1,,f,h,v
0,,n,h,y
0,,n,h,v
0,,n,w,c
1,,f,h,v
1,,y,w,v
1,,f,h,y
1,,f,h,s
1,,f,h,s
0,,n,w,c
1,,y,w,v
1,,f,h,y
1,,f,h,y
0,,n,w,c
1,,f,h,s
1,,s,w,v
1,,f,h,s
0,,n,w,v
1,,f,h,v
1,,f,h,v
0,,n,h,y
1,,f,h,v
1,,f,w,v
1,,s,w,v
0,,n,w,c
1,,f,h,v
0,,n,w,c
0,,n,w,c
1,,f,w,v
1,,n,w,v
1,,s,w,v
0,,n,w,c
1,,f,h,v
1,,f,h,v
0,,n,w,c
1,,n,r,v
0,,n,w,v
1,,f,h,v
1,,f,h,s
1,,s,w,v
1,,f,h,s
1,,f,h,s
1,,f,w,v
0,,n,h,v
1,,s,w,v
1,,f,h,v
1,,y,w,v
1,,f,h,v
1,,f,h,v
1,,f,h,s
1,,n,w,v
1,,f,h,v
1,,f,h,v
0,,n,w,v
1,,f,h,v
1,,s,w,v
1,,n,r,v
1,,f,h,y
0,,n,w,c
1,,n,r,v
1,,n,w,v
1,,f,h,y
0,,n,w,v
0,,n,w,v
1,,y,w,v
1,,f,h,v
1,,f,h,s
1,,f,h,v
1,,f,h,s
0,,n,h,v
1,,f,h,y
1,,f,h,s
1,,f,w,v
1,,f,h,y
1,,f,h,v
1,,f,h,s
1,,f,h,y
1,,f,h,y
1,,f,w,v
1,,n,w,v
0,,n,w,c
1,,f,h,y
1,,f,h,s
1,,y,w,v
1,,f,h,v
1,,f,h,y
1,,f,h,s
1,,n,r,v
1,,f,h,y
0,,n,w,c
1,,f,h,s
1,,f,h,s
1,,f,h,s
1,,f,w,v
1,,n,r,v
1,,f,h,s
0,,n,w,c
1,,s,w,v
1,,f,h,v
1,,f,h,v
0,,n,w,c
1,,f,h,v
0,,n,w,v
0,,n,w,c
0,,n,w,v
0,,n,w,c
1,,f,h,v
0,,n,w,c
0,,n,w,c
1,,f,h,v
0,,n,w,c
1,,f,h,v
1,,n,w,v
1,,f,h,s
1,,f,h,v
1,,f,h,y
1,,n,w,v
1,,f,h,y
1,,f,h,v
0,,n,w,v
1,,y,w,v
1,,f,h,s
1,,f,w,v
1,,n,r,v
1,,f,h,y
1,,f,h,s
1,,f,h,v
1,,f,h,s
1,,f,h,s
1,,y,w,v
1,,f,h,v
0,,n,w,c
1,,f,h,v
0,,n,w,c
0,,n,w,c
0,,n,w,c
1,,f,h,v
1,,f,h,v
0,,n,w,c
0,,n,w,c
1,,f,h,v
1,,n,r,v
1,,f,h,s
1,,f,h,s
1,,f,h,s
1,,f,h,y
1,,f,h,s
1,,f,h,s
0,,n,h,y
1,,f,h,v
1,,f,w,v
1,,f,h,s
0,,n,w,v
1,,f,h,v
0,,n,h,y
1,,f,h,v
1,,f,h,v
1,,n,r,v
1,,y,w,v
1,,s,w,v
1,,f,h,v
0,,n,w,c
1,,f,h,s
1,,f,h,v
1,,y,w,v
1,,f,h,s
1,,y,w,v
1,,f,h,s
1,,f,h,v
1,,f,h,s
1,,f,h,v
1,,f,h,v
1,,f,h,y
1,,f,h,y
1,,f,h,s
1,,f,h,s
1,,f,h,s
1,,f,h,y
1,,f,h,s
1,,s,w,v
1,,f,h,s
0,,n,w,c
1,,n,r,v
1,,y,w,v
0,,n,w,c
1,,f,h,v
1,,f,h,v
1,,y,w,v
1,,f,h,s
1,,y,w,v
1,,n,r,v
1,,y,w,v
1,,f,h,v
1,,f,h,v
1,,f,h,v
1,,n,r,v
1,,f,h,s
0,,n,w,c
1,,f,h,v
0,,n,w,c
1,,f,h,s
1,,y,w,v
1,,f,h,v
1,,f,h,v
1,,f,h,y
0,,n,w,c
1,,f,h,v
1,,s,w,v
1,,f,h,v
1,,f,h,y
0,,n,w,c
1,,n,r,v
1,,n,r,v
1,,f,h,y
1,,f,h,v
0,,n,h,v
1,,f,h,s
1,,f,h,s
1,,f,h,s
1,,y,w,v
0,,n,w,c
0,,n,w,c
0,,n,w,c
1,,f,h,v
1,,f,h,y
1,,y,w,v
1,,n,w,c
1,,f,h,v
1,,f,h,s
1,,y,w,v
1,,f,h,s
1,,s,w,v
0,,n,w,c
0,,n,h,y
1,,f,h,y
1,,y,w,v
1,,f,h,y
1,,s,w,v
1,,f,h,v
1,,s,w,v
0,,n,w,v
1,,f,h,v
1,,f,h,y
0,,n,w,c
1,,n,r,v
1,,f,h,v
0,,n,h,v
1,,f,w,v
1,,y,w,v
1,,f,h,v
1,,f,h,v
1,,f,w,v
0,,n,w,c
1,,f,w,v
0,,n,w,c
0,,n,w,c
0,,n,w,c
1,,f,h,v
0,,n,w,c
1,,f,h,y
1,,f,h,y
1,,f,h,y
0,,n,w,c
1,,f,h,v
0,,n,w,v
0,,n,w,v
1,,n,r,v
1,,y,w,v
1,,f,h,s
0,,n,h,v
1,,f,h,s
0,,n,h,y
1,,y,w,v
1,,f,h,v
0,,n,w,c
0,,n,w,c
1,,s,w,v
1,,f,w,v
1,,f,h,v
1,,f,h,v
0,,n,w,c
0,,n,w,c
1,,f,h,v
1,,f,h,v
1,,n,r,v
1,,f,h,v
1,,f,h,v
0,,n,w,c
0,,n,w,c
1,,n,r,v
1,,f,h,v
1,,y,w,v
1,,f,h,s
1,,f,h,v
1,,s,w,v
1,,n,r,v
0,,n,w,v
1,,f,w,v
1,,f,h,s
1,,f,w,v
0,,n,w,v
1,,y,w,v
1,,f,h,s
1,,y,w,v
0,,n,h,y
1,,n,r,v
0,,n,w,c
1,,y,w,v
1,,f,w,v
1,,f,h,v
1,,f,h,v
1,,n,r,v
1,,s,w,v
1,,s,w,v
0,,n,w,c
1,,f,h,v
0,,n,w,v
0,,n,h,y
1,,y,w,v
0,,n,w,v
1,,f,w,v
1,,s,w,v
0,,n,w,c
1,,n,r,v
1,,f,w,v
1,,f,h,v
0,,n,w,v
1,,f,h,v
1,,n,r,v
1,,f,h,y
0,,n,w,c
1,,f,h,y
1,,s,w,v
1,,y,w,v
1,,f,h,v
1,,n,r,v
1,,f,h,v
0,,n,w,c
0,,n,w,v
1,,f,h,v
0,,n,w,c
0,,n,w,c
0,,n,w,c
1,,f,h,y
1,,f,h,v
1,,f,h,v
0,,n,w,c
1,,f,h,v
0,,n,w,v
1,,f,h,v
1,,f,h,v
1,,n,r,v
1,,y,w,v
1,,f,h,y
1,,f,h,v
1,,n,r,v
0,,n,w,c
1,,f,h,v
0,,n,w,c
1,,n,w,v
1,,f,h,y
1,,f,h,v
1,,y,w,v
0,,n,w,c
1,,f,h,v
1,,f,h,s
1,,f,h,y
0,,n,w,c
1,,f,h,y
1,,f,h,y
0,,n,w,c
0,,n,w,c
1,,f,h,v
1,,f,h,v
1,,f,h,v
1,,f,h,s
1,,f,h,v
1,,n,w,v
1,,f,h,s
0,,n,w,c
1,,f,h,y
1,,f,h,s
0,,n,w,v
1,,f,h,y
0,,n,w,v
1,,f,h,y
1,,y,w,v
0,,n,w,c
1,,f,h,v
1,,f,h,y
1,,f,h,y
1,,y,w,v
0,,n,h,y
1,,f,h,y
1,,f,h,v
1,,f,h,v
1,,f,h,s
0,,n,w,c
1,,n,w,v
0,,n,h,v
1,,y,w,v
0,,n,w,c
1,,f,h,v
1,,f,h,v
0,,n,w,c
0,,n,w,v
1,,f,h,v
1,,f,h,v
1,,y,w,v
0,,n,w,c
0,,n,w,c
1,,f,h,v
1,,y,w,v
0,,n,w,c
1,,f,h,y
1,,s,w,v
0,,n,w,c
1,,f,h,v
1,,f,h,v
1,,f,h,y
0,,n,w,v
1,,n,r,v
0,,n,w,c
1,,f,h,v
1,,f,h,v
1,,f,h,v
1,,f,h,s
1,,y,w,v
1,,f,h,v
0,,n,w,c
1,,f,h,v
1,,y,w,v
0,,n,h,v
0,,n,w,c
1,,f,h,v
1,,n,w,c
1,,f,h,s
1,,s,w,v
0,,n,w,c
1,,y,w,v
1,,s,w,v
1,,f,h,s
0,,n,w,c
1,,f,h,s
1,,n,r,v
0,,n,w,v
1,,f,h,v
1,,f,h,v
1,,f,h,v
0,,n,w,c
0,,n,w,c
0,,n,h,v
0,,n,w,c
1,,f,h,v
1,,y,w,v
0,,n,w,c
1,,n,r,v
1,,f,h,s
1,,f,h,v
0,,n,w,c
1,,f,h,s
0,,n,w,c
1,,n,r,v
1,,s,w,v
1,,f,h,v
1,,f,h,s
0,,n,w,v
1,,f,h,v
1,,f,h,v
1,,n,r,v
1,,n,r,v
1,,f,h,s
0,,n,w,c
1,,s,w,v
1,,f,h,v
0,,n,w,c
1,,f,w,v
1,,f,h,s
1,,n,r,v
1,,y,w,v
1,,f,h,v
1,,f,h,v
0,,n,h,y
1,,f,h,s
1,,f,h,s
0,,n,h,v
1,,s,w,v
0,,n,w,c
1,,f,w,v
1,,y,w,v
1,,f,h,s
0,,n,h,y
1,,n,r,v
1,,f,h,v
0,,n,w,v
0,,n,h,v
1,,f,h,v
0,,n,h,v
1,,y,w,v
0,,n,w,c
1,,n,r,v
1,,n,w,v
1,,f,h,y
1,,f,h,v
1,,f,h,v
0,,n,w,c
1,,n,r,v
1,,n,r,v
1,,s,w,v
1,,f,h,v
1,,f,h,y
1,,n,r,v
0,,n,w,v
1,,f,h,y
1,,f,h,v
1,,f,h,v
1,,f,h,s
1,,y,w,v
1,,n,w,v
1,,f,w,v
1,,f,h,s
1,,f,h,y
0,,n,w,v
1,,f,h,s
1,,f,h,v
0,,n,w,c
1,,f,h,s
1,,f,h,v
1,,f,w,v
1,,f,h,v
1,,f,h,s
1,,f,h,v
0,,n,w,v
1,,s,w,v
0,,n,w,c
1,,y,w,v
1,,f,h,s
1,,y,w,v
0,,n,w,c
1,,f,h,v
1,,f,h,v
0,,n,w,c
1,,f,h,v
1,,f,h,v
0,,n,w,c
1,,f,h,v
0,,n,w,c
1,,f,h,y
1,,f,h,s
1,,s,w,v
1,,f,h,y
1,,n,r,v
1,,s,w,v
0,,n,h,v
0,,n,h,y
1,,f,w,v
1,,f,h,s
0,,n,h,v
1,,n,r,v
1,,f,h,v
1,,f,h,v
1,,f,h,y
1,,f,h,v
1,,f,h,y
1,,f,h,s
0,,n,h,v
1,,f,h,s
0,,n,w,c
1,,s,w,v
1,,f,h,s
1,,f,h,y
1,,n,r,v
1,,f,w,v
1,,n,r,v
1,,f,h,y
1,,f,h,y
0,,n,w,c
0,,n,w,c
1,,f,w,v
0,,n,w,c
1,,n,r,v
0,,n,w,c
1,,y,w,v
0,,n,w,c
1,,f,h,s
1,,n,r,v
1,,s,w,v
1,,y,w,v
1,,f,h,y
1,,f,w,v
1,,s,w,v
1,,f,h,v
0,,n,w,c
0,,n,h,y
1,,f,h,y
1,,f,h,v
1,,s,w,v
1,,f,h,v
1,,f,h,v
1,,f,h,y
1,,n,r,v
0,,n,w,c
1,,y,w,v
1,,f,h,v
0,,n,w,c
1,,f,h,v
1,,f,h,v
1,,f,h,s
1,,f,h,y
1,,f,w,v
1,,f,h,v
0,,n,w,c
0,,n,w,c
0,,n,h,v
1,,f,h,s
1,,f,h,s
0,,n,w,c
1,,f,h,y
1,,s,w,v
1,,n,r,v
1,,f,h,y
0,,n,w,v
1,,f,h,y
1,,f,h,s
0,,n,w,c
0,,n,w,c
1,,f,h,v
1,,f,h,y
1,,f,h,s
1,,f,h,v
1,,f,h,s
0,,n,w,c
0,,n,w,c
1,,f,h,y
0,,n,w,c
0,,n,w,c
1,,f,h,v
1,,f,h,v
1,,f,h,v
1,,f,h,v
1,,f,h,v
1,,f,h,v
1,,f,h,y
1,,f,h,y
1,,f,h,v
1,,n,r,v
1,,f,w,v
1,,n,r,v
0,,n,w,c
1,,y,w,v
1,,y,w,v
1,,f,w,v
1,,f,h,s
1,,n,w,v
1,,f,h,v
0,,n,w,c
0,,n,w,c
0,,n,w,c
1,,n,r,v
1,,f,h,v
1,,f,h,s
1,,f,h,v
1,,s,w,v
1,,n,r,v
1,,f,h,v
1,,n,r,v
0,,n,h,y
0,,n,w,v
1,,f,h,v
1,,f,h,v
1,,f,h,v
0,,n,w,c
1,,f,h,y
1,,n,w,v
1,,s,w,v
1,,f,h,y
1,,f,h,y
1,,f,h,s
1,,f,w,v
0,,n,w,c
0,,n,w,v
1,,n,r,v
1,,n,w,v
1,,f,h,v
1,,s,w,v
1,,f,h,y
1,,f,h,v
1,,f,h,s
0,,n,h,y
1,,y,w,v
1,,n,r,v
1,,y,w,v
1,,f,h,v
1,,f,h,v
0,,n,w,c
1,,f,h,s
0,,n,w,v
1,,f,h,v
0,,n,h,y
1,,f,h,s
1,,n,r,v
1,,f,h,y
1,,f,h,s
1,,f,w,v
1,,f,h,v
1,,f,h,s
1,,f,h,s
1,,s,w,v
1,,f,h,y
1,,f,w,v
1,,n,r,v
1,,f,h,v
1,,y,w,v
1,,f,w,v
0,,n,w,c
0,,n,h,y
1,,f,h,v
1,,f,h,y
1,,f,w,v
1,,s,w,v
1,,f,w,v
1,,f,w,v
1,,f,w,v
1,,s,w,v
1,,y,w,v
1,,y,w,v
1,,s,w,v
1,,f,w,v
1,,f,w,v
1,,s,w,v
1,,s,w,v
1,,f,w,v
1,,y,w,v
1,,f,w,v
1,,y,w,v
1,,f,w,v
1,,s,w,v
1,,y,w,v
1,,f,w,v
1,,y,w,v
1,,s,w,v
1,,y,w,v
1,,y,w,v
1,,s,w,v
1,,y,w,v
1,,y,w,v
1,,s,w,v
1,,y,w,v
1,,s,w,v
1,,s,w,v
1,,s,w,v
1,,f,w,v
1,,s,w,v
1,,s,w,v
1,,f,w,v
1,,y,w,v
0,,n,n,c
1,,y,w,v
0,,n,n,v
1,,y,w,v
1,,s,w,v
1,,y,w,v
1,,y,w,v
1,,y,w,v
1,,f,w,v
1,,s,w,v
1,,y,w,v
1,,f,w,v
1,,s,w,v
1,,f,w,v
1,,s,w,v
1,,y,w,v
1,,f,w,v
1,,y,w,v
1,,f,w,v
1,,y,w,v
1,,f,w,v
1,,s,w,v
1,,f,w,v
1,,f,w,v
1,,s,w,v
1,,f,w,v
1,,s,w,v
1,,s,w,v
1,,f,w,v
1,,s,w,v
0,,n,w,n
1,,y,w,v
1,,f,w,v
1,,f,w,v
1,,s,w,v
1,,s,w,v
1,,s,w,v
1,,f,w,v
1,,y,w,v
1,,f,w,v
1,,s,w,v
1,,s,w,v
1,,y,w,v
1,,y,w,v
1,,s,w,v
1,,s,w,v
1,,y,w,v
1,,s,w,v
1,,y,w,v
1,,s,w,v
1,,y,w,v
1,,s,w,v
1,,f,w,v
1,,y,w,v
1,,f,w,v
1,,f,w,v
1,,y,w,v
1,,f,w,v
1,,f,w,v
1,,y,w,v
1,,y,w,v
1,,f,w,v
1,,f,w,v
1,,s,w,v
1,,f,w,v
1,,s,w,v
1,,y,w,v
1,,y,w,v
1,,s,w,v
1,,y,w,v
1,,s,w,v
1,,f,w,v
1,,y,w,v
1,,s,w,v
1,,f,w,v
1,,f,w,v
1,,f,w,v
1,,s,w,v
1,,s,w,v
1,,f,w,v
1,,f,w,v
1,,s,w,v
0,,n,w,v
1,,y,w,v
1,,y,w,v
1,,y,w,v
1,,s,w,v
1,,y,w,v
1,,s,w,v
1,,f,w,v
1,,f,w,v
1,,y,w,v
1,,f,w,v
1,,f,w,v
1,,y,w,v
1,,y,w,v
1,,s,w,v
1,,f,w,v
1,,s,w,v
1,,y,w,v
1,,y,w,v
1,,f,w,v
1,,s,w,v
1,,y,w,v
0,,n,w,n
1,,s,w,v
1,,f,w,v
1,,s,w,v
1,,y,w,v
0,,n,w,s
1,,s,w,v
1,,s,w,v
1,,s,w,v
1,,f,w,v
1,,f,w,v
1,,f,w,v
1,,s,w,v
1,,y,w,v
1,,f,w,v
1,,f,w,v
1,,f,w,v
1,,s,w,v
1,,f,w,v
1,,s,w,v
1,,s,w,v
1,,s,w,v
1,,y,w,v
1,,y,w,v
1,,f,w,v
1,,y,w,v
1,,y,w,v
1,,y,w,v
1,,y,w,v
1,,f,w,v
1,,f,w,v
1,,f,w,v
1,,f,w,v
1,,f,w,v
1,,f,w,v
1,,f,w,v
1,,s,w,v
1,,y,w,v
1,,f,w,v
1,,s,w,v
1,,f,w,v
1,,s,w,v
1,,s,w,v
1,,y,w,v
1,,f,w,v
1,,s,w,v
1,,s,w,v
1,,s,w,v
1,,s,w,v
1,,f,w,v
1,,f,w,v
1,,f,w,v
0,,n,w,n
1,,s,w,v
1,,s,w,v
1,,s,w,v
1,,y,w,v
1,,y,w,v
1,,f,w,v
1,,f,w,v
1,,f,w,v
0,,n,w,s
1,,s,w,v
1,,f,w,v
1,,y,w,v
1,,s,w,v
1,,y,w,v
1,,y,w,v
1,,f,w,v
1,,y,w,v
1,,f,w,v
1,,s,w,v
0,,n,w,n
1,,s,w,v
1,,f,w,v
1,,f,w,v
1,,s,w,v
0,,n,w,s
1,,s,w,v
1,,y,w,v
1,,f,w,v
1,,s,w,v
1,,f,w,v
1,,y,w,v
1,,s,w,v
1,,f,w,v
1,,s,w,v
1,,y,w,v
1,,y,w,v
1,,y,w,v
1,,y,w,v
1,,y,w,v
1,,f,w,v
1,,f,w,v
1,,f,w,v
1,,s,w,v
1,,y,w,v
1,,y,w,v
1,,s,w,v
1,,f,w,v
1,,f,w,v
1,,y,w,v
1,,y,w,v
1,,f,w,v
1,,s,w,v
1,,s,w,v
1,,f,w,v
1,,y,w,v
1,,s,w,v
1,,s,w,v
1,,f,w,v
1,,s,w,v
1,,s,w,v
1,,y,w,v
1,,y,w,v
1,,s,w,v
1,,s,w,v
1,,y,w,v
1,,f,w,v
0,,n,w,s
1,,y,w,v
1,,s,w,v
1,,y,w,v
1,,s,w,v
1,,s,w,v
1,,y,w,v
1,,s,w,v
1,,y,w,v
1,,f,w,v
1,,s,w,v
1,,s,w,v
1,,f,w,v
1,,s,w,v
1,,y,w,v
1,,s,w,v
1,,f,w,v
1,,f,w,v
0,,n,w,s
1,,s,w,v
1,,y,w,v
1,,f,w,v
1,,f,w,v
1,,y,w,v
1,,s,w,v
1,,f,w,v
1,,f,w,v
1,,f,w,v
1,,s,w,v
1,,y,w,v
1,,s,w,v
1,,s,w,v
1,,s,w,v
1,,y,w,v
1,,f,w,v
1,,f,w,v
1,,f,w,v
1,,y,w,v
1,,y,w,v
1,,s,w,v
1,,y,w,v
1,,f,w,v
1,,s,w,v
1,,s,w,v
1,,f,w,v
1,,f,w,v
1,,f,w,v
1,,y,w,v
1,,f,w,v
1,,f,w,v
1,,f,w,v
1,,f,w,v
1,,s,w,v
1,,f,w,v
1,,y,w,v
1,,f,w,v
1,,y,w,v
1,,f,w,v
1,,y,w,v
1,,f,w,v
1,,y,w,v
1,,f,w,v
1,,s,w,v
1,,s,w,v
1,,y,w,v
1,,s,w,v
1,,y,w,v
1,,f,w,v
1,,f,w,v
1,,f,w,v
0,,n,w,s
1,,f,w,v
1,,f,w,v
1,,s,w,v
1,,s,w,v
1,,f,w,v
1,,y,w,v
1,,s,w,v
1,,f,w,v
1,,f,w,v
1,,f,w,v
1,,f,w,v
1,,y,w,v
1,,f,w,v
1,,f,w,v
1,,f,w,v
1,,s,w,v
1,,f,w,v
1,,f,w,v
1,,f,w,v
1,,f,w,v
1,,s,w,v
1,,y,w,v
1,,y,w,v
1,,y,w,v
1,,f,w,v
1,,y,w,v
1,,y,w,v
1,,f,w,v
1,,f,w,v
1,,y,w,v
1,,f,w,v
1,,s,w,v
1,,y,w,v
1,,f,w,v
0,,n,w,n
1,,f,w,v
1,,f,w,v
1,,y,w,v
1,,f,w,v
1,,y,w,v
1,,f,w,v
1,,f,w,v
1,,y,w,v
0,,n,o,v
1,,f,w,v
1,,s,w,v
1,,y,w,v
1,,s,w,v
1,,s,w,v
1,,f,w,v
1,,s,w,v
1,,s,w,v
1,,y,w,v
1,,f,w,v
1,,s,w,v
1,,f,w,v
1,,y,w,v
1,,s,w,v
1,,y,w,v
1,,s,w,v
1,,f,w,v
1,,y,w,v
1,,y,w,v
1,,f,w,v
0,,n,w,s
1,,y,w,v
1,,f,w,v
1,,y,w,v
1,,s,w,v
1,,s,w,v
1,,f,w,v
0,,n,w,s
1,,s,w,v
1,,s,w,v
0,,n,w,s
1,,y,w,v
1,,s,w,v
1,,f,w,v
1,,s,w,v
1,,f,w,v
1,,s,w,v
1,,s,w,v
1,,s,w,v
1,,m,w,c
1,,y,w,v
1,,y,w,v
1,,s,w,v
1,,y,w,v
1,,f,w,v
1,,s,w,v
1,,f,w,v
1,,s,w,v
0,,n,y,c
1,,s,w,v
1,,s,w,v
1,,s,w,v
1,,f,w,v
1,,y,w,v
1,,f,w,v
1,,s,w,v
1,,y,w,v
1,,f,w,v
0,,n,o,v
1,,s,w,v
1,,f,w,v
1,,f,w,v
1,,y,w,v
1,,f,w,v
1,,s,w,v
1,,f,w,v
1,,y,w,v
1,,s,w,v
1,,y,w,v
1,,y,w,v
1,,y,w,v
1,,y,w,v
1,,y,w,v
0,,n,w,n
1,,y,w,v
1,,y,w,v
1,,f,w,v
1,,s,w,v
1,,y,w,v
1,,f,w,v
1,,s,w,v
1,,s,w,v
1,,y,w,v
1,,s,w,v
1,,s,w,v
1,,f,w,v
1,,s,w,v
1,,f,w,v
1,,f,w,v
1,,y,w,v
1,,y,w,v
1,,y,w,v
1,,y,w,v
1,,f,w,v
1,,f,w,v
1,,f,w,v
1,,s,w,v
1,,y,w,v
1,,f,w,v
1,,y,w,v
1,,f,w,v
1,,y,w,v
1,,s,w,v
1,,s,w,v
1,,s,w,v
1,,y,w,v
1,,s,w,v
1,,y,w,v
1,,y,w,v
1,,y,w,v
1,,s,w,v
1,,f,w,v
1,,s,w,v
1,,f,w,v
1,,s,w,v
1,,s,w,v
1,,f,w,v
1,,s,w,v
1,,f,w,v
1,,y,w,v
1,,y,w,v
1,,f,w,v
1,,s,w,v
1,,f,w,v
1,,f,w,v
1,,s,w,v
1,,f,w,v
1,,f,w,v
1,,y,w,v
1,,s,w,v
1,,f,w,v
1,,s,w,v
1,,y,w,v
0,,n,w,n
1,,s,w,v
1,,f,w,v
1,,y,w,v
1,,y,w,v
1,,y,w,v
1,,f,w,v
1,,y,w,v
0,,n,w,n
1,,f,w,v
1,,f,w,v
1,,y,w,v
1,,y,w,v
1,,y,w,v
1,,f,w,v
1,,s,w,v
1,,f,w,v
1,,s,w,v
1,,s,w,v
1,,y,w,v
1,,s,w,v
0,,n,w,n
1,,f,w,v
1,,f,w,v
1,,f,w,v
1,,s,w,v
1,,y,w,v
1,,y,w,v
1,,s,w,v
1,,y,w,v
1,,y,w,v
1,,s,w,v
1,,s,w,v
1,,f,w,v
1,,s,w,v
1,,s,w,v
1,,f,w,v
1,,y,w,v
1,,f,w,v
1,,s,w,v
1,,s,w,v
1,,f,w,v
1,,s,w,v
1,,y,w,v
1,,s,w,v
1,,y,w,v
1,,f,w,v
1,,s,w,v
1,,s,w,v
0,,n,b,v
1,,y,w,v
1,,y,w,v
1,,f,w,v
1,,y,w,v
1,,y,w,v
1,,y,w,v
1,,f,w,v
1,,y,w,v
1,,f,w,v
1,,f,w,v
1,,s,w,v
1,,y,w,v
1,,s,w,v
1,,f,w,v
1,,y,w,v
1,,y,w,v
1,,f,w,v
1,,f,w,v
1,,y,w,v
1,,f,w,v
1,,y,w,v
1,,y,w,v
1,,s,w,v
1,,s,w,v
1,,s,w,v
1,,s,w,v
1,,y,w,v
1,,y,w,v
1,,y,w,v
1,,s,w,v
1,,f,w,v
1,,y,w,v
1,,s,w,v
1,,s,w,v
1,,s,w,v
1,,s,w,v
1,,s,w,v
1,,y,w,v
1,,s,w,v
1,,y,w,v
0,,n,w,n
1,,y,w,v
1,,s,w,v
1,,s,w,v
1,,s,w,v
1,,s,w,v
1,,f,w,v
1,,f,w,v
1,,s,w,v
1,,y,w,v
1,,f,w,v
1,,f,w,v
1,,f,w,v
1,,f,w,v
1,,y,w,v
1,,s,w,v
1,,f,w,v
1,,y,w,v
1,,s,w,v
1,,f,w,v
1,,s,w,v
1,,s,w,v
1,,f,w,v
1,,s,w,v
1,,y,w,v
1,,f,w,v
1,,s,w,v
1,,y,w,v
1,,s,w,v
1,,y,w,v
1,,y,w,v
1,,s,w,v
1,,y,w,v
1,,f,w,v
1,,s,w,v
1,,f,w,v
1,,s,w,v
1,,f,w,v
1,,y,w,v
1,,y,w,v
1,,y,w,v
1,,y,w,v
1,,y,w,v
1,,s,w,v
1,,f,w,v
1,,y,w,v
1,,f,w,v
1,,y,w,v
1,,s,w,v
1,,y,w,v
1,,y,w,v
1,,s,w,v
1,,y,w,v
1,,s,w,v
1,,f,w,v
1,,y,w,v
1,,s,w,v
1,,f,w,v
1,,f,w,v
1,,s,w,v
1,,y,w,v
0,,n,w,s
1,,y,w,v
1,,s,w,v
0,,n,y,v
1,,y,w,v
1,,s,w,v
1,,s,w,v
1,,s,w,v
1,,m,w,c
1,,s,w,v
1,,s,w,v
1,,y,w,v
1,,s,w,v
1,,f,w,v
1,,f,w,v
1,,f,w,v
1,,s,w,v
1,,y,w,v
1,,y,w,v
1,,s,w,v
1,,y,w,v
1,,f,w,v
1,,s,w,v
1,,f,w,v
1,,f,w,v
1,,y,w,v
1,,f,w,v
1,,s,w,v
1,,f,w,v
1,,y,w,v
1,,y,w,v
1,,s,w,v
1,,y,w,v
1,,s,w,v
1,,s,w,v
1,,f,w,v
1,,y,w,v
1,,f,w,v
1,,y,w,v
1,,s,w,v
1,,f,w,v
1,,y,w,v
1,,s,w,v
1,,s,w,v
1,,f,w,v
1,,y,w,v
1,,f,w,v
1,,y,w,v
1,,y,w,v
1,,f,w,v
1,,y,w,v
1,,f,w,v
1,,f,w,v
1,,f,w,v
1,,s,w,v
1,,y,w,v
1,,s,w,v
1,,f,w,v
1,,y,w,v
1,,s,w,v
1,,s,w,v
1,,f,w,v
1,,s,w,v
1,,f,w,v
1,,s,w,v
1,,y,w,v
1,,s,w,v
1,,y,w,v
1,,s,w,v
1,,f,w,v
1,,f,w,v
1,,s,w,v
1,,y,w,v
1,,s,w,v
1,,y,w,v
1,,s,w,v
1,,y,w,v
1,,s,w,v
1,,y,w,v
1,,y,w,v
1,,f,w,v
1,,y,w,v
1,,s,w,v
1,,y,w,v
0,,n,w,s
1,,y,w,v
1,,f,w,v
1,,s,w,v
1,,f,w,v
1,,y,w,v
1,,s,w,v
1,,y,w,v
0,,n,w,s
1,,s,w,v
1,,f,w,v
1,,s,w,v
1,,f,w,v
1,,f,w,v
1,,s,w,v
1,,s,w,v
1,,y,w,v
1,,f,w,v
0,,n,w,s
0,,n,o,c
1,,s,w,v
1,,s,w,v
1,,s,w,v
1,,s,w,v
1,,y,w,v
1,,f,w,v
1,,y,w,v
1,,f,w,v
1,,s,w,v
1,,y,w,v
0,,n,w,n
1,,f,w,v
1,,y,w,v
1,,y,w,v
1,,y,w,v
1,,f,w,v
1,,y,w,v
1,,y,w,v
1,,y,w,v
1,,y,w,v
1,,f,w,v
1,,s,w,v
1,,f,w,v
1,,s,w,v
1,,f,w,v
1,,s,w,v
1,,f,w,v
1,,s,w,v
1,,s,w,v
1,,s,w,v
1,,y,w,v
1,,s,w,v
1,,f,w,v
1,,f,w,v
1,,y,w,v
1,,f,w,v
1,,y,w,v
1,,s,w,v
1,,y,w,v
1,,f,w,v
1,,s,w,v
1,,f,w,v
1,,y,w,v
1,,y,w,v
1,,s,w,v
1,,y,w,v
1,,f,w,v
1,,f,w,v
1,,f,w,v
1,,y,w,v
1,,s,w,v
1,,y,w,v
1,,f,w,v
1,,s,w,v
1,,f,w,v
1,,y,w,v
1,,y,w,v
1,,s,w,v
1,,y,w,v
1,,y,w,v
1,,y,w,v
1,,s,w,v
1,,f,w,v
0,,n,w,n
1,,y,w,v
1,,y,w,v
1,,s,w,v
1,,s,w,v
1,,s,w,v
1,,f,w,v
1,,f,w,v
1,,f,w,v
1,,f,w,v
1,,f,w,v
1,,f,w,v
1,,f,w,v
1,,s,w,v
1,,y,w,v
1,,f,w,v
1,,s,w,v
1,,s,w,v
1,,s,w,v
1,,y,w,v
1,,s,w,v
1,,f,w,v
0,,n,o,c
1,,f,w,v
1,,s,w,v
1,,s,w,v
1,,f,w,v
1,,f,w,v
1,,m,w,c
1,,f,w,v
1,,s,w,v
1,,y,w,v
1,,f,w,v
0,,n,w,s
1,,y,w,v
1,,y,w,v
1,,y,w,v
1,,s,w,v
1,,y,w,v
1,,y,w,v
1,,f,w,v
1,,f,w,v
1,,f,w,v
1,,f,w,v
1,,y,w,v
1,,y,w,v
1,,y,w,v
1,,s,w,v
1,,f,w,v
1,,y,w,v
1,,y,w,v
1,,f,w,v
1,,f,w,v
1,,f,w,v
1,,f,w,v
1,,y,w,v
1,,f,w,v
0,,n,w,n
1,,y,w,v
1,,y,w,v
1,,s,w,v
1,,s,w,v
1,,f,w,v
1,,s,w,v
1,,s,w,v
1,,f,w,v
1,,s,w,v
1,,s,w,v
1,,s,w,v
1,,f,w,v
1,,y,w,v
1,,y,w,v
1,,f,w,v
0,,n,y,v
1,,y,w,v
1,,y,w,v
1,,f,w,v
0,,n,w,y
0,,n,y,c
0,,n,w,n
0,,n,w,s
1,,s,w,v
1,,f,w,v
0,,n,o,c
1,,s,w,v
1,,n,w,c
1,,f,w,v
0,,n,w,n
1,,f,w,v
1,,s,w,v
1,,s,w,v
1,,y,w,v
1,,s,w,v
0,,n,w,s
1,,s,w,v
1,,y,w,v
1,,f,w,v
0,,n,w,n
1,,s,w,v
1,,y,w,v
0,,n,n,c
0,,n,w,y
1,,y,w,v
1,,y,w,v
1,,s,w,v
0,,n,w,n
1,,f,w,v
1,,y,w,v
1,,y,w,v
1,,f,w,v
0,,n,w,s
0,,n,w,n
1,,y,w,v
1,,y,w,v
0,,n,w,v
1,,s,w,v
1,,y,w,v
1,,s,w,v
1,,m,w,c
1,,f,w,v
1,,s,w,v
1,,s,w,v
1,,f,w,v
1,,f,w,v
1,,f,w,v
0,,n,w,s
1,,s,w,v
1,,f,w,v
1,,y,w,v
1,,s,w,v
1,,s,w,v
0,,n,w,s
1,,f,w,v
1,,s,w,v
1,,s,w,v
1,,s,w,v
1,,y,w,v
1,,s,w,v
1,,y,w,v
1,,f,w,v
0,,n,w,y
1,,f,w,v
1,,f,w,v
0,,n,w,y
1,,f,w,v
1,,y,w,v
1,,s,w,v
1,,s,w,v
0,,n,w,s
1,,f,w,v
1,,y,w,v
1,,f,w,v
1,,f,w,v
1,,y,w,v
1,,f,w,v
1,,s,w,v
1,,f,w,v
0,,n,w,y
1,,y,w,v
1,,f,w,v
1,,f,w,v
1,,s,w,v
0,,n,n,c
0,,n,w,n
1,,m,w,c
1,,y,w,v
1,,y,w,v
0,,n,o,c
1,,s,w,v
1,,s,w,v
0,,n,w,s
0,,n,w,s
0,,n,o,v
1,,s,w,v
1,,s,w,v
1,,s,w,v
0,,n,w,s
0,,n,w,n
0,,n,w,s
1,,f,w,v
1,,s,w,v
0,,n,w,s
0,,n,w,s
1,,f,w,v
0,,n,w,s
1,,s,w,v
1,,f,w,v
1,,f,w,v
0,,n,w,s
0,,n,w,n
1,,y,w,v
1,,f,w,v
0,,n,w,s
0,,n,w,n
1,,s,w,v
0,,n,w,v
1,,y,w,v
1,,y,w,v
0,,n,b,c
0,,n,n,c
1,,s,w,v
1,,y,w,v
1,,s,w,v
1,,y,w,v
1,,y,w,v
0,,n,w,n
0,,n,n,c
1,,m,w,c
0,,n,w,s
0,,n,o,v
0,,n,b,v
1,,s,w,v
0,,n,w,n
0,,n,w,s
0,,n,n,v
1,,y,w,v
1,,s,w,v
1,,s,w,v
1,,y,w,v
0,,n,w,n
1,,s,w,v
1,,s,w,v
1,,s,w,v
0,,n,w,s
0,,n,y,c
1,,f,w,v
1,,s,w,v
0,,n,o,v
1,,y,w,v
1,,y,w,v
1,,s,w,v
1,,s,w,v
1,,s,w,v
1,,y,w,v
1,,s,w,v
1,,y,w,v
0,,n,w,y
1,,y,w,v
1,,m,w,c
1,,f,w,v
0,,n,w,s
1,,f,w,v
1,,y,w,v
1,,s,w,v
1,,y,w,v
1,,f,w,v
0,,n,w,y
1,,f,w,v
1,,f,w,v
1,,y,w,v
1,,y,w,v
1,,f,w,v
0,,n,n,c
1,,s,w,v
1,,s,w,v
1,,f,w,v
1,,s,w,v
1,,f,w,v
1,,y,w,v
0,,n,w,s
1,,s,w,v
1,,s,w,v
0,,n,w,n
0,,n,n,v
1,,m,w,c
1,,s,w,v
1,,f,w,v
1,,f,w,v
1,,y,w,v
1,,y,w,v
1,,y,w,v
0,,n,w,n
1,,f,w,v
1,,m,w,c
1,,s,w,v
1,,s,w,v
0,,n,w,s
1,,y,w,v
1,,y,w,v
1,,f,w,v
1,,y,w,v
1,,f,w,v
1,,f,w,v
0,,n,w,n
1,,m,w,c
1,,y,w,v
1,,f,w,v
1,,f,w,v
1,,s,w,v
0,,n,w,v
1,,y,w,v
1,,y,w,v
0,,n,w,n
1,,s,w,v
1,,y,w,v
1,,s,w,v
0,,n,w,n
1,,s,w,v
1,,s,w,v
1,,y,w,v
1,,f,w,v
0,,n,y,v
1,,y,w,v
1,,y,w,v
1,,y,w,v
1,,f,w,v
0,,n,b,v
0,,n,w,s
0,,n,n,v
0,,n,w,n
1,,y,w,v
1,,f,w,v
1,,s,w,v
1,,y,w,v
0,,n,w,n
1,,s,w,v
0,,n,w,n
1,,f,w,v
1,,f,w,v
1,,m,w,c
1,,s,w,v
1,,s,w,v
1,,s,w,v
1,,f,w,v
1,,f,w,v
1,,s,w,v
0,,n,w,s
1,,y,w,v
1,,y,w,v
1,,s,w,v
1,,y,w,v
0,,n,w,n
1,,s,w,v
1,,s,w,v
1,,s,w,v
0,,n,w,s
1,,y,w,v
1,,y,w,v
1,,y,w,v
1,,m,w,c
0,,n,w,s
1,,f,w,v
1,,f,w,v
0,,n,w,n
1,,f,w,v
1,,s,w,v
0,,n,y,c
1,,f,w,v
1,,s,w,v
0,,n,b,c
1,,f,w,v
1,,f,w,v
1,,s,w,v
1,,s,w,v
0,,n,w,y
0,,n,n,c
0,,n,w,n
1,,s,w,v
0,,n,w,n
1,,y,w,v
1,,s,w,v
0,,n,y,c
1,,y,w,v
1,,f,w,v
1,,y,w,v
1,,s,w,v
1,,s,w,v
1,,f,w,v
0,,n,w,y
1,,f,w,v
1,,s,w,v
1,,y,w,v
1,,f,w,v
0,,n,w,n
1,,f,w,v
0,,n,w,s
1,,y,w,v
0,,n,w,n
0,,n,y,c
1,,f,w,v
1,,f,w,v
0,,n,w,n
1,,y,w,v
1,,s,w,v
0,,n,w,n
1,,f,w,v
1,,f,w,v
1,,f,w,v
1,,s,w,v
1,,s,w,v
0,,n,w,n
1,,f,w,v
1,,f,w,v
0,,n,w,n
0,,n,y,v
0,,n,w,n
1,,s,w,v
1,,f,w,v
1,,s,w,v
0,,n,w,s
1,,s,w,v
0,,n,y,v
0,,n,w,n
1,,m,w,c
0,,n,w,s
1,,y,w,v
0,,n,b,c
0,,n,w,n
0,,n,y,c
0,,n,w,n
1,,f,w,v
1,,y,w,v
0,,n,o,c
1,,y,w,v
1,,y,w,v
1,,y,w,v
1,,s,w,v
0,,n,y,v
0,,n,w,s
0,,n,o,c
1,,s,w,v
1,,s,w,v
1,,y,w,v
1,,y,w,v
0,,n,n,c
1,,y,w,v
0,,n,o,v
1,,y,w,v
0,,n,w,s
1,,f,w,v
1,,f,w,v
0,,n,w,s
1,,y,w,v
0,,n,w,n
1,,f,w,v
1,,f,w,v
0,,n,w,n
1,,s,w,v
1,,m,w,c
0,,n,w,n
1,,y,w,v
1,,s,w,v
1,,y,w,v
0,,n,w,n
0,,n,w,s
1,,s,w,v
0,,n,w,n
1,,f,w,v
1,,y,w,v
0,,n,w,s
1,,y,w,v
0,,n,w,s
1,,y,w,v
0,,n,w,n
0,,n,n,v
1,,s,w,v
1,,f,w,v
0,,n,w,n
1,,m,w,c
1,,y,w,v
1,,f,w,v
1,,y,w,v
1,,f,w,v
0,,n,b,c
1,,f,w,v
0,,n,w,y
0,,n,w,n
1,,y,w,v
1,,n,w,c
1,,y,w,v
1,,s,w,v
1,,s,w,v
0,,n,n,c
0,,n,w,y
0,,n,w,n
1,,s,w,v
1,,s,w,v
1,,s,w,v
0,,n,w,n
0,,n,o,c
1,,y,w,v
1,,f,w,v
0,,n,w,s
1,,y,w,v
0,,n,w,s
1,,y,w,v
1,,s,w,v
0,,n,w,n
0,,n,w,n
1,,f,w,v
1,,f,w,v
1,,s,w,v
0,,n,w,n
1,,f,w,v
1,,y,w,v
1,,f,w,v
1,,m,w,c
1,,f,w,v
0,,n,y,c
1,,f,w,v
0,,n,y,v
0,,n,w,n
0,,n,w,n
1,,s,w,v
1,,y,w,v
1,,f,w,v
1,,y,w,v
0,,n,w,s
0,,n,w,n
1,,m,w,c
1,,f,w,v
1,,f,w,v
1,,y,w,v
1,,s,w,v
1,,s,w,v
1,,m,w,c
1,,s,w,v
0,,n,w,n
1,,y,w,v
0,,n,w,s
1,,f,w,v
1,,y,w,v
0,,n,w,s
0,,n,w,s
1,,y,w,v
0,,n,y,c
0,,n,w,y
0,,n,w,n
1,,s,w,v
1,,f,w,v
1,,f,w,v
0,,n,w,n
0,,n,w,s
0,,n,w,y
0,,n,w,s
1,,y,w,v
1,,y,w,v
1,,y,w,v
1,,f,w,v
0,,n,o,c
1,,n,w,c
1,,m,w,c
1,,y,w,v
0,,n,w,v
1,,s,w,v
0,,n,w,n
0,,n,w,s
1,,f,w,v
0,,n,b,v
0,,n,b,v
0,,n,w,y
0,,n,w,s
1,,y,w,v
1,,f,w,v
1,,s,w,v
1,,y,w,v
1,,f,w,v
1,,y,w,v
0,,n,w,n
1,,m,w,c
1,,y,w,v
0,,n,y,v
1,,f,w,v
0,,n,w,s
0,,n,w,s
1,,s,w,v
1,,y,w,v
1,,f,w,v
1,,f,w,v
1,,s,w,v
1,,y,w,v
0,,n,w,s
1,,y,w,v
0,,n,w,s
1,,n,w,c
1,,s,w,v
1,,y,w,v
0,,n,w,s
0,,n,y,v
1,,y,w,v
0,,n,n,c
1,,y,w,v
1,,f,w,v
1,,y,w,v
0,,n,w,s
0,,n,n,c
0,,n,n,v
1,,f,w,v
0,,n,w,v
0,,n,w,s
1,,s,w,v
0,,n,w,n
1,,f,w,v
1,,y,w,v
1,,s,w,v
0,,n,w,y
1,,f,w,v
1,,f,w,v
0,,n,b,c
1,,f,w,v
1,,y,w,v
1,,y,w,v
1,,s,w,v
1,,f,w,v
1,,s,w,v
0,,n,o,c
1,,s,w,v
0,,n,w,s
1,,s,w,v
1,,y,w,v
0,,n,o,v
1,,s,w,v
0,,n,w,s
0,,n,o,v
1,,s,w,v
1,,s,w,v
0,,n,w,y
0,,n,w,n
0,,n,w,n
0,,n,b,c
1,,s,w,v
1,,y,w,v
0,,n,w,y
0,,n,w,s
1,,f,w,v
1,,f,w,v
1,,f,w,v
1,,f,w,v
0,,n,b,v
1,,f,w,v
1,,s,w,v
1,,f,w,v
0,,n,y,c
0,,n,w,n
1,,s,w,v
1,,f,w,v
0,,n,w,s
1,,s,w,v
1,,s,w,v
1,,y,w,v
0,,n,o,c
0,,n,w,s
1,,m,w,c
1,,f,w,v
1,,f,w,v
1,,y,w,v
1,,f,w,v
1,,s,w,v
1,,s,w,v
1,,y,w,v
1,,s,w,v
1,,y,w,v
0,,n,w,s
1,,m,w,c
0,,n,w,v
1,,y,w,v
1,,n,w,c
1,,s,w,v
1,,m,w,c
0,,n,w,n
1,,y,w,v
1,,s,w,v
1,,y,w,v
0,,n,y,c
1,,s,w,v
1,,f,w,v
1,,s,w,v
1,,s,w,v
1,,s,w,v
1,,s,w,v
1,,y,w,v
0,,n,w,s
0,,n,w,s
0,,n,w,s
1,,s,w,v
1,,f,w,v
1,,y,w,v
1,,f,w,v
1,,y,w,v
1,,f,w,v
1,,y,w,v
1,,y,w,v
1,,s,w,v
0,,n,o,c
1,,s,w,v
1,,s,w,v
0,,n,w,n
0,,n,w,n
1,,s,w,v
0,,n,o,c
1,,s,w,v
1,,s,w,v
1,,s,w,v
1,,s,w,v
1,,f,w,v
0,,n,b,c
0,,n,n,c
0,,n,w,s
1,,y,w,v
0,,n,n,c
1,,s,w,v
0,,n,w,s
0,,n,w,n
1,,s,w,v
0,,n,b,c
0,,n,w,n
0,,n,w,y
0,,n,w,s
0,,n,w,n
1,,m,w,c
0,,n,y,c
1,,y,w,v
1,,s,w,v
0,,n,w,n
0,,n,w,s
0,,n,w,s
0,,n,b,v
1,,f,w,v
1,,s,w,v
1,,s,w,v
0,,n,n,v
0,,n,w,v
1,,f,w,v
0,,n,w,s
1,,y,w,v
0,,n,w,s
1,,s,w,v
1,,s,w,v
0,,n,b,c
1,,y,w,v
1,,f,w,v
0,,n,y,v
0,,n,w,n
0,,n,w,n
0,,n,b,v
1,,y,w,v
1,,y,w,v
0,,n,w,s
1,,y,w,v
0,,n,w,s
1,,s,w,v
1,,f,w,v
1,,s,w,v
0,,n,w,y
1,,y,w,v
1,,y,w,v
0,,n,w,s
1,,s,w,v
1,,f,w,v
0,,n,w,n
1,,f,w,v
1,,y,w,v
1,,s,w,v
1,,y,w,v
0,,n,w,n
1,,y,w,v
1,,s,w,v
0,,n,w,s
0,,n,w,n
0,,n,w,s
1,,s,w,v
1,,y,w,v
1,,y,w,v
0,,n,w,s
1,,f,w,v
1,,s,w,v
0,,n,w,s
1,,y,w,v
1,,f,w,v
1,,s,w,v
0,,n,w,v
1,,f,w,v
1,,f,w,v
1,,n,w,c
1,,f,w,v
0,,n,w,y
1,,f,w,v
0,,n,w,s
1,,s,w,v
1,,f,w,v
1,,y,w,v
1,,y,w,v
0,,n,w,n
0,,n,w,n
1,,s,w,v
0,,n,n,c
1,,y,w,v
1,,y,w,v
0,,n,w,s
1,,y,w,v
0,,n,o,v
1,,y,w,v
1,,y,w,v
1,,y,w,v
1,,y,w,v
0,,n,w,n
0,,n,w,s
1,,y,w,v
1,,f,w,v
0,,n,w,s
0,,n,b,c
1,,s,w,v
1,,s,w,v
0,,n,b,v
0,,n,w,s
0,,n,w,n
1,,y,w,v
1,,f,w,v
1,,m,w,c
0,,n,y,c
1,,f,w,v
1,,s,w,v
1,,s,w,v
0,,n,w,s
0,,n,w,s
0,,n,w,n
0,,n,w,n
0,,n,w,n
1,,s,w,v
1,,s,w,v
1,,s,w,v
1,,f,w,v
0,,n,w,s
0,,n,w,s
0,,n,w,n
0,,n,b,c
1,,s,w,v
1,,f,w,v
1,,y,w,v
1,,y,w,v
1,,f,w,v
0,,n,o,v
0,,n,w,s
1,,y,w,v
1,,y,w,v
0,,n,w,s
1,,s,w,v
0,,n,y,c
0,,n,n,v
1,,s,w,v
1,,s,w,v
1,,s,w,v
1,,s,w,v
1,,f,w,v
0,,n,w,s
1,,f,w,v
0,,n,w,v
0,,n,n,v
1,,y,w,v
1,,f,w,v
1,,f,w,v
0,,n,w,s
1,,s,w,v
0,,n,w,s
1,,f,w,v
0,,n,w,s
1,,f,w,v
1,,s,w,v
0,,n,w,n
1,,f,w,v
1,,s,w,v
0,,n,o,v
0,,n,n,v
1,,y,w,v
1,,s,w,v
0,,n,n,c
1,,y,w,v
1,,f,w,v
1,,s,w,v
1,,f,w,v
1,,f,w,v
0,,n,w,n
0,,n,n,v
1,,s,w,v
0,,n,b,v
0,,n,w,y
1,,y,w,v
0,,n,w,y
0,,n,w,v
1,,n,w,c
1,,f,w,v
1,,f,w,v
1,,m,w,c
0,,n,o,v
1,,s,w,v
0,,n,w,s
1,,f,w,v
1,,m,w,c
1,,s,w,v
0,,n,b,c
0,,n,w,y
1,,s,w,v
1,,y,w,v
0,,n,w,s
0,,n,w,v
1,,s,w,v
0,,n,y,c
0,,n,w,n
0,,n,w,n
1,,y,w,v
1,,m,w,c
1,,s,w,v
0,,n,b,c
1,,f,w,v
1,,s,w,v
1,,y,w,v
1,,s,w,v
1,,f,w,v
1,,f,w,v
0,,n,w,n
0,,n,y,v
1,,s,w,v
1,,n,w,c
0,,n,w,n
0,,n,y,c
1,,s,w,v
0,,n,w,s
0,,n,w,n
0,,n,b,c
0,,n,w,n
0,,n,w,n
0,,n,w,n
0,,n,w,n
1,,f,w,v
1,,s,w,v
0,,n,w,s
0,,n,w,s
1,,f,w,v
1,,s,w,v
1,,f,w,v
1,,f,w,v
1,,s,w,v
0,,n,n,v
1,,s,w,v
0,,n,w,n
0,,n,y,v
0,,n,w,n
1,,s,w,v
0,,n,n,v
1,,f,w,v
1,,f,w,v
1,,s,w,v
0,,n,w,s
1,,f,w,v
1,,s,w,v
0,,n,w,s
1,,y,w,v
1,,y,w,v
1,,f,w,v
0,,n,w,n
0,,n,w,s
1,,s,w,v
0,,n,w,y
1,,y,w,v
1,,s,w,v
0,,n,o,v
0,,n,w,n
1,,f,w,v
1,,s,w,v
1,,f,w,v
1,,f,w,v
0,,n,y,c
1,,y,w,v
0,,n,w,s
0,,n,b,c
1,,s,w,v
1,,y,w,v
1,,s,w,v
0,,n,w,n
1,,y,w,v
0,,n,w,s
1,,s,w,v
1,,s,w,v
1,,s,w,v
1,,m,w,c
1,,s,w,v
0,,n,w,s
1,,y,w,v
1,,m,w,c
1,,y,w,v
0,,n,b,c
1,,s,w,v
0,,n,w,n
0,,n,w,n
0,,n,y,v
1,,s,w,v
0,,n,o,c
0,,n,w,n
1,,s,w,v
1,,y,w,v
0,,n,w,n
0,,n,w,n
1,,f,w,v
1,,m,w,c
1,,f,w,v
1,,f,w,v
0,,n,w,s
1,,f,w,v
0,,n,b,v
1,,s,w,v
1,,s,w,v
0,,n,y,v
0,,n,n,v
0,,n,w,n
0,,n,y,c
1,,y,w,v
0,,n,b,v
0,,n,n,c
1,,y,w,v
0,,n,n,c
1,,f,w,v
0,,n,w,n
1,,y,w,v
0,,n,b,v
1,,s,w,v
0,,n,w,s
0,,n,w,s
0,,n,b,v
0,,n,b,c
1,,y,w,v
0,,n,w,n
1,,f,w,v
1,,s,w,v
1,,f,w,v
1,,f,w,v
1,,s,w,v
1,,s,w,v
0,,n,w,n
1,,s,w,v
1,,y,w,v
1,,s,w,v
0,,n,w,n
0,,n,o,c
0,,n,w,n
1,,f,w,v
1,,f,w,v
1,,s,w,v
1,,f,w,v
1,,f,w,v
0,,n,b,v
0,,n,w,s
1,,f,w,v
1,,f,w,v
0,,n,w,n
0,,n,b,v
0,,n,w,n
1,,s,w,v
1,,f,w,v
1,,y,w,v
1,,y,w,v
1,,s,w,v
0,,n,n,c
1,,f,w,v
1,,s,w,v
1,,f,w,v
0,,n,w,s
1,,y,w,v
1,,y,w,v
1,,f,w,v
0,,n,b,v
0,,n,w,y
1,,s,w,v
1,,s,w,v
0,,n,w,s
1,,s,w,v
1,,y,w,v
0,,n,n,c
0,,n,w,s
0,,n,w,n
1,,y,w,v
1,,s,w,v
0,,n,w,v
1,,y,w,v
0,,n,w,s
1,,s,w,v
1,,y,w,v
1,,f,w,v
0,,n,w,s
0,,n,n,v
1,,f,w,v
0,,n,w,s
1,,f,w,v
0,,n,w,s
1,,m,w,c
0,,n,o,v
0,,n,w,n
0,,n,o,v
1,,f,w,v
0,,n,o,v
0,,n,w,n
1,,f,w,v
0,,n,w,n
0,,n,w,v
1,,f,w,v
0,,n,w,n
0,,n,y,c
1,,f,w,v
1,,y,w,v
1,,s,w,v
1,,s,w,v
0,,n,o,c
1,,s,w,v
0,,n,w,s
1,,f,w,v
0,,n,w,y
1,,s,w,v
0,,n,w,s
1,,f,w,v
1,,y,w,v
1,,f,w,v
0,,n,o,c
0,,n,w,n
0,,n,o,c
0,,n,w,y
1,,m,w,c
1,,y,w,v
1,,f,w,v
0,,n,y,v
0,,n,o,c
0,,n,w,v
1,,s,w,v
1,,y,w,v
1,,s,w,v
1,,y,w,v
1,,f,w,v
0,,n,w,v
0,,n,n,c
0,,n,w,n
0,,n,w,s
0,,n,o,c
0,,n,o,c
0,,n,w,n
1,,f,w,v
0,,n,w,s
1,,y,w,v
1,,y,w,v
1,,f,w,v
0,,n,y,v
0,,n,w,y
0,,n,w,n
1,,f,w,v
1,,f,w,v
1,,y,w,v
0,,n,y,c
0,,n,n,v
0,,n,w,s
1,,f,w,v
0,,n,w,s
0,,n,w,n
0,,n,w,n
0,,n,o,v
1,,s,w,v
0,,n,o,v
1,,f,w,v
1,,m,w,c
1,,y,w,v
0,,n,w,n
0,,n,w,y
0,,n,y,c
0,,n,w,y
1,,f,w,v
0,,n,b,c
1,,y,w,v
1,,f,w,v
0,,n,w,n
1,,f,w,v
0,,n,w,s
0,,n,o,c
1,,y,w,v
0,,n,y,v
1,,y,w,v
1,,s,w,v
0,,n,n,v
0,,n,n,c
0,,n,w,y
0,,n,w,s
0,,n,o,v
1,,f,w,v
1,,s,w,v
1,,y,w,v
1,,f,w,v
1,,f,w,v
0,,n,n,v
0,,n,y,v
0,,n,y,v
1,,s,w,v
0,,n,b,v
0,,n,w,s
0,,n,w,s
1,,s,w,v
0,,n,w,n
0,,n,w,s
0,,n,w,s
1,,y,w,v
1,,y,w,v
1,,y,w,v
1,,y,w,v
1,,f,w,v
0,,n,y,c
0,,n,n,v
1,,f,w,v
1,,f,w,v
0,,n,w,n
0,,n,w,s
1,,f,w,v
1,,f,w,v
1,,f,w,v
0,,n,b,c
0,,n,w,n
0,,n,b,v
1,,y,w,v
0,,n,w,y
1,,f,w,v
0,,n,y,v
1,,y,w,v
0,,n,b,c
0,,n,b,v
0,,n,y,c
1,,y,w,v
0,,n,w,n
1,,y,w,v
1,,y,w,v
1,,f,w,v
1,,s,w,v
0,,n,w,s
0,,n,o,v
1,,f,w,v
0,,n,n,v
0,,n,w,n
0,,n,y,v
0,,n,o,v
1,,s,w,v
1,,f,w,v
1,,s,w,v
1,,s,w,v
1,,y,w,v
0,,n,w,s
1,,f,w,v
0,,n,b,v
1,,f,w,v
0,,n,b,c
0,,n,b,c
0,,n,n,c
1,,s,w,v
0,,n,y,v
1,,f,w,v
0,,n,y,v
0,,n,w,n
0,,n,o,c
0,,n,y,c
0,,n,o,v
0,,n,w,s
1,,f,w,v
1,,s,w,v
1,,f,w,v
1,,s,w,v
1,,y,w,v
0,,n,w,s
0,,n,w,s
0,,n,o,v
1,,f,w,v
0,,n,n,v
1,,f,w,v
1,,f,w,v
1,,f,w,v
1,,y,w,v
1,,y,w,v
0,,n,w,n
1,,m,w,c
0,,n,w,n
1,,s,w,v
1,,y,w,v
0,,n,w,s
0,,n,b,v
1,,s,w,v
0,,n,n,c
0,,n,o,c
0,,n,n,v
0,,n,y,v
0,,n,n,v
0,,n,n,c
1,,y,w,v
0,,n,w,n
0,,n,n,v
0,,n,w,n
0,,n,b,v
1,,y,w,v
1,,m,w,c
0,,n,o,v
1,,s,w,v
1,,y,w,v
1,,f,w,v
0,,n,b,c
0,,n,b,v
0,,n,b,c
1,,y,w,v
0,,n,o,c